"alp","null","d","n","1","2","3","4","5","6","7","8","9","10","11","12","13","14","15","16","17","18","19","20","21","22","23","24","25","26","27","28","29","30","31","32","33","34","35","36","37","38","39","40","41","42","43","44","45","46","47","48","49","50","51","52","53","54","55","56","57","58","59","60","61","62","63","64","65","66","67","68","69","70","71","72","73","74","75","76","77","78","79","80","81","82","83","84","85","86","87","88","89","90","91","92","93","94","95","96","97","98","99","100"
"0.0","True","1","1000","0.543885274601938","0.134936032098423","0.950128432882863","0.470728362362026","0.218806369536234","0.0285676443172777","0.758122204754108","0.697441087607702","0.0230861869822364","0.210287724508822","0.242286721118165","0.589611288581475","0.563862745082082","0.0536492403581402","0.543965029075196","0.38029134640997","0.911901241336265","0.0794653122017904","0.937457613264765","0.912336835759461","0.583112407784912","0.573541474980886","0.302150130172457","0.939157709721905","0.111655918488564","0.627786345489885","0.29758089129518","0.867493071204137","0.283335670383677","0.936710127483501","0.550247458976183","0.89255865314992","0.144699432118903","0.429488188128127","0.193152367033647","0.664137032048084","0.0537452626391547","0.672066155955319","0.197405796405108","0.673635557742196","0.430595999323931","0.860709879086747","0.50523386233804","0.17434904676803","0.932485210121467","0.454270179190043","0.883913169067908","0.0854220115177689","0.651950871546133","0.851273244177459","0.422321228709158","0.494932042513599","0.52848196975743","0.466099898668146","0.101455786996805","0.492360774555375","0.414753871732845","0.0977348118785696","0.023040385788461","0.790325932478542","0.391946978393398","0.0557142931833774","0.298614225210906","0.192151337871827","0.714194294617096","0.300662054166781","0.521148747847408","0.617715411607284","0.459406678480389","0.209464942828811","0.39015365914181","0.79126388787368","0.618526531436921","0.275577178712119","0.434046965649878","0.369291830487257","0.202665445120321","0.377161445452905","0.344492104272936","0.139941587726763","0.962699764774893","0.695764851665363","0.282950273969927","0.118423663345462","0.85685696576391","0.601785367402092","0.317288177775746","0.625382373780952","0.480621626452551","0.0775966898354586","0.0549411093628642","0.987506824435456","0.00132729850628453","0.432581578269493","0.429540064691786","0.550278836721748","0.611901493413418","0.161666817935919","0.52959533423634","0.670553642656277"
"0.0","True","1","5000","0.233559213323351","0.533010101106871","0.272140644263397","0.199499431805409","0.929356450170304","0.234853898051682","0.589863793318608","0.806713219558357","0.364825867223094","0.528333885247744","0.617031098123382","0.714393603974492","0.924025579191876","0.975276794871691","0.331196747422414","0.113597124834216","0.939271499507992","0.298026093482847","0.657664945090059","0.987835774037831","0.515764402844978","0.894799885974552","0.221261882615854","0.723256426441421","0.459680725900779","0.474742395865248","0.54355829147083","0.486414447263268","0.671596096857951","0.529105699584404","0.900695127844124","0.967121925992429","0.846081248893925","0.590590264559327","0.790888633234431","0.143110963352452","0.287041892224526","0.860945516787983","0.578192161709734","0.920945480151905","0.752349331801807","0.216017432368295","0.982708597729404","0.295152063081437","0.583041579594413","0.319554732199234","0.81081012281978","0.181573425080481","0.448336217420182","0.377960827563714","0.362316581801124","0.130194217419369","0.0123839139663308","0.465227195858523","0.245549780525456","0.546442316385739","0.856654902039986","0.664040534697345","0.379074314305528","0.58261616036906","0.708522746543663","0.462275039271563","0.824594017089732","0.538855040449456","0.809119918191071","0.28093669410532","0.896571408649364","0.223678002756352","0.290785331587215","0.676120520955653","0.50930303080384","0.132651399896262","0.258715893049928","0.884650036368023","0.0458784095319088","0.716837163201153","0.845539877292481","0.725953115271513","0.643359527343511","0.53414527101117","0.922982490492262","0.322218009623171","0.496943009158386","0.564047434493214","0.242704691395447","0.920066669686848","0.698972559831872","0.25977682112637","0.67546989667572","0.0241038133507721","0.87724258059797","0.75916126215547","0.016459485955396","0.246996434284151","0.257921812819205","0.954964762008034","0.618300976304738","0.518603439892316","0.00127835090454886","0.507866609769667"
"0.0","True","1","10000","0.0260544350264232","0.540874461233934","0.183860855594753","0.0383095341807643","0.376402137966551","0.950185867606869","0.161369104823099","0.84972400475075","0.872753091423728","0.197885778789072","0.936312009399393","0.76375638745256","0.368881516173959","0.872146244846138","0.0270617896525765","0.252206594865949","0.634642655183364","0.48324242752749","0.680228875607603","0.988016140307097","0.219916706158295","0.156196516563752","0.912879224443508","0.439013844022082","0.726110037259436","0.950884867875662","0.361532476492628","0.774171661153233","0.998584739121339","0.427380229832218","0.861153157834483","0.680377943258773","0.682271056941942","0.0996990796485035","0.738382166494596","0.106764769108828","0.837889377991362","0.73840499518618","0.413922588787898","0.465033517781424","0.570168643231539","0.0702372407154478","0.785428276111538","0.477248143407538","0.989270539996183","0.485490863397041","0.715838025406618","0.601617618898493","0.294083295787183","0.89702631423451","0.949019368036328","0.0127442856730299","0.0220175974867683","0.611478940469003","0.201097116803949","0.878988400459534","0.969303429824069","0.904195389074795","0.98079918931406","0.867033707901048","0.875259916275218","0.980381458308682","0.592699570872565","0.779534007870846","0.140133179731542","0.190258827832637","0.854004371572634","0.763676126334437","0.743741079050806","0.534807144085832","0.948826968135597","0.34750041224654","0.264526660257225","0.548762016895656","0.0400513164620591","0.953574400795196","0.897200018285949","0.0893512328900991","0.86294819359414","0.538632268787104","0.711292464003889","0.763166893392948","0.476948114119001","0.704189989203232","0.958480426936711","0.165766565734023","0.46245403155331","0.899062716571996","0.955939579464603","0.881782942882422","0.668872392253194","0.91223067303087","0.0525537697085799","0.432287341510625","0.323252138431589","0.40801179406087","0.805091519509366","0.815130228858481","0.180685953987572","0.948661726393399"
"0.0","False","1","1000","0.543885274601938","0.134936032098423","0.950128432882863","0.470728362362026","0.218806369536234","0.0285676443172777","0.758122204754108","0.697441087607702","0.0230861869822364","0.210287724508822","0.242286721118165","0.589611288581475","0.563862745082082","0.0536492403581402","0.543965029075196","0.38029134640997","0.911901241336265","0.0794653122017904","0.937457613264765","0.912336835759461","0.583112407784912","0.573541474980886","0.302150130172457","0.939157709721905","0.111655918488564","0.627786345489885","0.29758089129518","0.867493071204137","0.283335670383677","0.936710127483501","0.550247458976183","0.89255865314992","0.144699432118903","0.429488188128127","0.193152367033647","0.664137032048084","0.0537452626391547","0.672066155955319","0.197405796405108","0.673635557742196","0.430595999323931","0.860709879086747","0.50523386233804","0.17434904676803","0.932485210121467","0.454270179190043","0.883913169067908","0.0854220115177689","0.651950871546133","0.851273244177459","0.422321228709158","0.494932042513599","0.52848196975743","0.466099898668146","0.101455786996805","0.492360774555375","0.414753871732845","0.0977348118785696","0.023040385788461","0.790325932478542","0.391946978393398","0.0557142931833774","0.298614225210906","0.192151337871827","0.714194294617096","0.300662054166781","0.521148747847408","0.617715411607284","0.459406678480389","0.209464942828811","0.39015365914181","0.79126388787368","0.618526531436921","0.275577178712119","0.434046965649878","0.369291830487257","0.202665445120321","0.377161445452905","0.344492104272936","0.139941587726763","0.962699764774893","0.695764851665363","0.282950273969927","0.118423663345462","0.85685696576391","0.601785367402092","0.317288177775746","0.625382373780952","0.480621626452551","0.0775966898354586","0.0549411093628642","0.987506824435456","0.00132729850628453","0.432581578269493","0.429540064691786","0.550278836721748","0.611901493413418","0.161666817935919","0.52959533423634","0.670553642656277"
"0.0","False","1","5000","0.233559213323351","0.533010101106871","0.272140644263397","0.199499431805409","0.929356450170304","0.234853898051682","0.589863793318608","0.806713219558357","0.364825867223094","0.528333885247744","0.617031098123382","0.714393603974492","0.924025579191876","0.975276794871691","0.331196747422414","0.113597124834216","0.939271499507992","0.298026093482847","0.657664945090059","0.987835774037831","0.515764402844978","0.894799885974552","0.221261882615854","0.723256426441421","0.459680725900779","0.474742395865248","0.54355829147083","0.486414447263268","0.671596096857951","0.529105699584404","0.900695127844124","0.967121925992429","0.846081248893925","0.590590264559327","0.790888633234431","0.143110963352452","0.287041892224526","0.860945516787983","0.578192161709734","0.920945480151905","0.752349331801807","0.216017432368295","0.982708597729404","0.295152063081437","0.583041579594413","0.319554732199234","0.81081012281978","0.181573425080481","0.448336217420182","0.377960827563714","0.362316581801124","0.130194217419369","0.0123839139663308","0.465227195858523","0.245549780525456","0.546442316385739","0.856654902039986","0.664040534697345","0.379074314305528","0.58261616036906","0.708522746543663","0.462275039271563","0.824594017089732","0.538855040449456","0.809119918191071","0.28093669410532","0.896571408649364","0.223678002756352","0.290785331587215","0.676120520955653","0.50930303080384","0.132651399896262","0.258715893049928","0.884650036368023","0.0458784095319088","0.716837163201153","0.845539877292481","0.725953115271513","0.643359527343511","0.53414527101117","0.922982490492262","0.322218009623171","0.496943009158386","0.564047434493214","0.242704691395447","0.920066669686848","0.698972559831872","0.25977682112637","0.67546989667572","0.0241038133507721","0.87724258059797","0.75916126215547","0.016459485955396","0.246996434284151","0.257921812819205","0.954964762008034","0.618300976304738","0.518603439892316","0.00127835090454886","0.507866609769667"
"0.0","False","1","10000","0.0260544350264232","0.540874461233934","0.183860855594753","0.0383095341807643","0.376402137966551","0.950185867606869","0.161369104823099","0.84972400475075","0.872753091423728","0.197885778789072","0.936312009399393","0.76375638745256","0.368881516173959","0.872146244846138","0.0270617896525765","0.252206594865949","0.634642655183364","0.48324242752749","0.680228875607603","0.988016140307097","0.219916706158295","0.156196516563752","0.912879224443508","0.439013844022082","0.726110037259436","0.950884867875662","0.361532476492628","0.774171661153233","0.998584739121339","0.427380229832218","0.861153157834483","0.680377943258773","0.682271056941942","0.0996990796485035","0.738382166494596","0.106764769108828","0.837889377991362","0.73840499518618","0.413922588787898","0.465033517781424","0.570168643231539","0.0702372407154478","0.785428276111538","0.477248143407538","0.989270539996183","0.485490863397041","0.715838025406618","0.601617618898493","0.294083295787183","0.89702631423451","0.949019368036328","0.0127442856730299","0.0220175974867683","0.611478940469003","0.201097116803949","0.878988400459534","0.969303429824069","0.904195389074795","0.98079918931406","0.867033707901048","0.875259916275218","0.980381458308682","0.592699570872565","0.779534007870846","0.140133179731542","0.190258827832637","0.854004371572634","0.763676126334437","0.743741079050806","0.534807144085832","0.948826968135597","0.34750041224654","0.264526660257225","0.548762016895656","0.0400513164620591","0.953574400795196","0.897200018285949","0.0893512328900991","0.86294819359414","0.538632268787104","0.711292464003889","0.763166893392948","0.476948114119001","0.704189989203232","0.958480426936711","0.165766565734023","0.46245403155331","0.899062716571996","0.955939579464603","0.881782942882422","0.668872392253194","0.91223067303087","0.0525537697085799","0.432287341510625","0.323252138431589","0.40801179406087","0.805091519509366","0.815130228858481","0.180685953987572","0.948661726393399"
"0.02","True","1","1000","0.544693817209234","0.135206743174277","0.950024369117281","0.470614832139252","0.219979521379577","0.0285198464522807","0.758570727672152","0.698239011251472","0.0230840706203406","0.211405623792923","0.243520275696457","0.589565742455222","0.563848796161232","0.0539519945481058","0.54396028397869","0.380235029494877","0.912034100912304","0.0794643232410163","0.937453233591126","0.912440993080909","0.583305351969643","0.574032940509017","0.301743421312755","0.939226102277506","0.111623074110577","0.628249787050238","0.299242077494205","0.867485802129413","0.283483359757587","0.936705695208802","0.551592340325556","0.892547769033373","0.14435113235554","0.429471082285782","0.193145010157291","0.663672201677993","0.0536438590546232","0.672066124313603","0.197298660478854","0.673538411938528","0.430191696424538","0.86092210084499","0.504928429001295","0.174322247150407","0.932457793301106","0.454186683193949","0.883911493365118","0.0852629382305419","0.65291805402043","0.851273062759523","0.422152594324847","0.49485146475565","0.527380914585713","0.46691534620954","0.102322462607087","0.492311926202965","0.41422003007778","0.0977169439264454","0.0227676670755733","0.790707978892582","0.393533244940389","0.0557116445072494","0.299596254227694","0.192047141973671","0.714169292820854","0.30058517601393","0.520733474967054","0.618822064860533","0.45905105247189","0.209353104118502","0.390148608403373","0.791188681725514","0.618478364135766","0.275277184200247","0.433863916107203","0.368908713463858","0.202325161098299","0.378066702129428","0.344475799711422","0.139916025278855","0.962732039565374","0.695757711984089","0.282936148182545","0.118423598620914","0.85678736146737","0.600956737709167","0.317261102615858","0.625383975620155","0.480540838786579","0.0776132628666105","0.0548368375378853","0.98755055182209","0.00132727763286382","0.43262631584966","0.428945764301088","0.550247047248835","0.611862784068649","0.161619286966814","0.52953498584916","0.670985697438181"
"0.02","True","1","5000","0.233559063514483","0.53289706088319","0.272062799145616","0.199483842834663","0.929356445623559","0.234852756689535","0.589861319360755","0.806712733682698","0.364819156582416","0.528333280454292","0.617014901019938","0.714390652517567","0.924024596038816","0.975276639636213","0.331168583591951","0.113592039276486","0.939267525630175","0.298024319097903","0.657648615895208","0.987835760657202","0.515734637873689","0.894795585221705","0.221246565368297","0.723255180587519","0.459618595056195","0.4747418374906","0.543548686628396","0.48640470370212","0.671576325036817","0.529091489722714","0.900680226764673","0.967120120061273","0.846081262773157","0.590585325584991","0.790881949847647","0.143050517427832","0.287011198358755","0.86094516134931","0.578161628280502","0.920945311200745","0.752339500670503","0.215967908355474","0.982703275779961","0.295142299097572","0.583021014126911","0.319554732101931","0.810781186738112","0.181396106921901","0.448318644699809","0.37794436509567","0.362279397302111","0.130112974013946","0.0123710020592484","0.465219704939541","0.24554920388058","0.546438204614947","0.8566510624882","0.664008345862572","0.379022294526733","0.582615744543123","0.708517398992461","0.462254405807117","0.824577209100167","0.538827880874345","0.809117524269457","0.280934545589364","0.896559385344945","0.223591227527209","0.290762890353331","0.676042507238817","0.509127662384009","0.132529946472497","0.258710293792413","0.884642182261015","0.0458655972636035","0.716837183309058","0.845530788196557","0.725940317792772","0.643359253413286","0.534143422057461","0.922972078172661","0.322217573235685","0.496919785924336","0.564044117166986","0.242635037820464","0.920043143948074","0.698972040992608","0.259741741870577","0.675452951774457","0.0241032014329544","0.877240012582131","0.759160135746497","0.0164590958799935","0.246994819011665","0.25787407996476","0.954958167806282","0.618298802733122","0.518596468201537","0.00127835042358472","0.507790756787858"
"0.02","True","1","10000","0.026045171369972","0.540816920697019","0.183820425486271","0.0383031561993068","0.376402038732917","0.95018487956581","0.161363429518333","0.849723011558015","0.872753072235348","0.197885559908494","0.93630979484446","0.763741525949901","0.368880622748311","0.872146031961243","0.0270608089719743","0.25217471016119","0.634642624758681","0.483237927107565","0.680216717560652","0.988016104563803","0.219803307077583","0.156196129153932","0.912872182346886","0.439008094241169","0.726109837608614","0.950884780855281","0.361517042569632","0.774152781465616","0.99858475011459","0.427342325801652","0.861149359673024","0.680363418687936","0.682252954594234","0.0996764247803859","0.738381601484319","0.106759885484214","0.837884535361933","0.738404546485083","0.41390387878475","0.4650290370775","0.570162319624366","0.0702280563822566","0.785424418959965","0.477237420401357","0.989270482158712","0.485469246386085","0.715831235216003","0.601591320798235","0.294078836512135","0.897024746905287","0.949019231562478","0.0127426210596956","0.0220126338630542","0.611447908411987","0.201084268284871","0.878987549107173","0.969302548365984","0.90418775071201","0.980797668932498","0.867033669189356","0.875259065886894","0.980379489236444","0.592647785588041","0.779485975349485","0.140090337424892","0.190223559601855","0.854000065840399","0.763675910207011","0.743679031574638","0.534798060273455","0.948815542493819","0.347495333292166","0.264501126241031","0.548761891524439","0.0400457068068268","0.953569613025895","0.8971998737947","0.0893146773907056","0.862946838497672","0.538630385392014","0.711291059300231","0.763154058729325","0.476948114943239","0.704189059112119","0.95847953978765","0.165738189034137","0.462419981934191","0.899059537895663","0.955939532679211","0.881782404513446","0.66885720661952","0.912230331137265","0.0525384991178843","0.43228725920939","0.323195625916956","0.407981490654059","0.805090638949077","0.815130203753062","0.180684562981188","0.948661399189206"
"0.02","False","1","1000","0.020119692351363","0.00149006181062974","0.122951536402346","0.340834185074202","0.00354157061043985","0.000196308629268078","0.198753901999763","0.179920621187582","7.58208133496251e-05","0.00342632807136626","0.00403298872582754","0.0313267485640856","0.0221352238725236","0.823594314580563","0.0282083488300725","0.342186638219667","0.0594371519672905","0.000918074615333927","0.12792778356072","0.0745181296519629","0.302322079994216","0.259264301880109","0.50693178872827","0.0844343326284257","0.00136821046399439","0.0416567316530714","0.481301853524594","0.0663079030209394","0.00649940026915234","0.128813767462143","0.307134028785468","0.129478929377254","0.0011133681032363","0.0139688668088174","0.657650428204636","0.0323300859236397","0.718513160743066","0.0356987626592299","0.805024839764105","0.213807367618942","0.391407521145005","0.12462676938902","0.329019525510321","0.729452659383256","0.0750678985829476","0.357347425494995","0.134634103287397","0.00057853923435996","0.0449767774557013","0.138729557642753","0.373109818111881","0.0155958737910319","0.260328823832747","0.336531097417247","0.00144246426340944","0.273630260054743","0.462382522330822","0.840327560771745","6.27528215312884e-05","0.162257210666819","0.00844754653642934","0.932449220388589","0.448062664020069","0.673177772828152","0.0308145626092871","0.0083538282867959","0.0364059456566773","0.0350192561826283","0.432740582061772","0.00308636670955624","0.0101028255714752","0.0648356979393746","0.0434473256057086","0.00418145722748486","0.0172013733324224","0.0136807962641067","0.694224408048512","0.441375947112195","0.0109109786521541","0.000887644859845738","0.119984769807778","0.03988375515234","0.0055872369696556","0.00107642690323907","0.153873762771238","0.198059826724041","0.369646731628016","0.177677490479778","0.385105923898356","0.000594919830533249","0.861573405387797","0.108550473392042","1.26514358215432e-06","0.297134986559896","0.347210654455658","0.232434983939297","0.275395885935606","0.691393664109159","0.336380349171801","0.0338813350810461"
"0.02","False","1","5000","0.00787597152086349","0.00150338271624855","5.59984590940538e-07","0.0109572520435432","0.0001541638284132","9.05265718185419e-07","2.4910375209587e-05","2.91115575628695e-05","2.43183043199686e-06","1.5867256936541e-05","2.21792117939116e-05","5.97826289011949e-05","0.000312513548383064","0.000129568055402318","1.36784688791638e-06","0.0178271171096925","0.0001760645599894","2.90193033141087e-06","4.65656348917681e-05","0.0002241360900635","0.00173422126132854","0.000252869309590605","0.0122071380675754","4.61995091271473e-05","4.54859201816919e-06","0.0024623608363565","6.87054355797568e-06","9.52289908240902e-06","2.49904839940938e-05","1.74316848683207e-05","9.8434857395266e-05","0.000204335284892804","3.95015655898885e-05","0.00121106148673915","0.000523788387160944","0.0277326472593467","0.00786865713126518","0.000114254650288998","0.00142302273855778","0.000108620901123684","0.000622653021626321","0.013765474856214","0.000275073290562971","0.0104567930738126","0.00156533607196662","1.51362783948032e-06","0.000102677327114227","3.44291651567042e-07","9.5731599874555e-06","0.00352426328732913","0.00492741727134992","2.48931923524215e-07","0.171445861336078","0.00247055890311395","0.0149929025986255","0.00119188557162366","0.000566415970400844","0.000486041734297412","2.18193711722868e-06","0.00100777329661201","3.15000448697617e-05","0.00231087552690271","0.000318728596700219","9.29069998987826e-06","4.68963430617702e-05","2.52739192124235e-06","0.000257839190898994","9.06391252564375e-07","0.0103493779868391","2.26506435646066e-05","5.08088378843589e-06","0.0227401298364846","1.15633314220112e-06","0.000610359630461299","1.89018093732782e-08","0.000684863597009904","0.000571206422012584","0.000677673964726867","4.59805283922671e-05","0.00142538489682157","0.000210325563683731","0.00490614636243954","0.0023721690994048","0.00159663795395197","5.8892901014461e-07","0.000146174384884896","0.000736330990991622","1.01091733734564e-06","4.87094174219445e-05","1.06638852051215e-09","9.17131537675863e-05","6.92782129465576e-05","1.22080753037773e-09","0.00665326897395105","1.00900293300156e-06","0.000155141333980317","0.00121112800935897","9.68952009828327e-06","0.654767946137909","0.00203040795242254"
"0.02","False","1","10000","0.00169556620780307","3.07538740486413e-06","4.71458825596111e-05","0.0012579049695662","9.80723813613145e-10","1.62506843853792e-07","9.12747250273893e-05","3.00669190238967e-08","2.6122172472496e-08","1.18595994511951e-10","3.8794534447723e-08","3.39871384686311e-08","7.54757833346001e-10","4.72631670952185e-08","4.44178019533116e-14","1.0607364806741e-05","1.57629862318429e-06","3.15612404511071e-09","2.46627509099236e-08","2.28001083722555e-07","3.69558801436379e-05","9.8793982654051e-05","2.46993436347591e-07","1.49680121211401e-09","1.17377711160294e-08","1.0965338975072e-07","2.00899896157987e-10","1.29572251630867e-08","1.07305109408028e-07","1.13259503127394e-05","3.63472221712544e-08","2.45152614799001e-08","5.50730556595862e-09","0.000232674938647514","1.80540800026706e-08","0.000299406652477602","5.11346037640512e-07","1.17084670911903e-08","2.53926900104252e-09","4.04104162857795e-06","3.2323797869485e-06","0.000694751540839136","2.28379990031488e-08","8.90757486489299e-06","9.44839990247396e-08","1.62252136112575e-09","3.28353853264273e-08","5.286562373496e-09","3.0204134524397e-10","3.2105899359754e-08","1.57037160869926e-07","9.07671123800498e-15","0.00191559147760189","2.27069914793503e-06","0.000120426804165509","1.18792080544858e-07","1.58359508844138e-07","1.25052140399147e-07","6.66402922225494e-08","4.17061011345074e-08","2.13892979521551e-08","2.0155380398646e-07","1.31751612072182e-06","2.96811313602232e-08","8.90165448771856e-05","3.2567429833772e-11","2.95830827440382e-08","4.65298661378769e-08","8.17457439972257e-07","3.82678904663069e-09","4.43212514361853e-08","1.5459961617399e-05","1.13736666874954e-10","5.57277070569233e-06","3.9993180168999e-13","8.59243100801658e-08","6.78735513335291e-08","2.57907209875901e-12","8.04965576142776e-08","1.73940106721121e-06","2.42336355773163e-06","2.77558726696589e-07","4.8711581970485e-06","8.19526854558374e-09","6.32451811433321e-08","4.72057846572999e-11","1.35555850184813e-09","1.63241102789906e-07","2.58599602925977e-07","4.26186005586755e-08","8.71906368612129e-09","3.45935851955871e-07","4.90788537498315e-13","3.69358004600643e-06","1.49452924472232e-10","6.38333321752884e-10","3.05127796763818e-07","2.18031343260207e-07","8.42398941160332e-05","1.83462884143246e-07"
"0.04","True","1","1000","0.54375151927368","0.134647874503641","0.950012327445557","0.470221806183847","0.218729806485124","0.0285198474152007","0.7580734419914","0.697416064945128","0.0230840696799772","0.21019398771246","0.242247741321534","0.589565697236216","0.563848800582809","0.0535361441005978","0.543960244152681","0.380235018988864","0.911865908073141","0.0794643075916033","0.937453281559799","0.912295265674122","0.582841467210751","0.573389634888564","0.301743425924349","0.939129093500603","0.111623070640239","0.627647504550879","0.297575382119754","0.867485816756427","0.28295509007233","0.936705661092868","0.550232957054509","0.892547776906971","0.144108333213544","0.429471078490026","0.193145013712668","0.663540074894416","0.0534859948870424","0.67206609840018","0.197298671566457","0.673538397645604","0.429908841376591","0.860649225170366","0.504928451179527","0.174322249136874","0.932457798234483","0.454186692763325","0.883911470090775","0.0852629307304304","0.651939503355944","0.851273044064385","0.42215259010631","0.494401003735683","0.527380921264607","0.46597761695771","0.101413350441657","0.492311971384055","0.414220066925898","0.0977169426491402","0.0227236370370786","0.79027586436509","0.39194090313243","0.0557116398388481","0.298460870608427","0.192047137095393","0.714169305493404","0.300585206438008","0.520733496802058","0.617697002044468","0.459051044426922","0.209353098711803","0.390148595827244","0.791188681738339","0.61847834299487","0.275277194370077","0.433863899182025","0.368908760641478","0.202325158125508","0.377038832205963","0.34447576971748","0.139916016090306","0.9626782731934","0.695757763401073","0.282936172072556","0.118423610553588","0.856682277819117","0.600871177253588","0.317261084444005","0.625048744452859","0.480540822694395","0.0772911049169776","0.0548368395417735","0.987506225747671","0.00132727737652888","0.432099024227356","0.428945793351657","0.550247054111017","0.611862811215689","0.161619300308019","0.529534990552156","0.670421090650113"
"0.04","True","1","5000","0.233559076323736","0.532897079253973","0.272062786754161","0.199483858852748","0.929356387725854","0.234852749262997","0.589861370247418","0.806712762465204","0.364819125822206","0.528333287764677","0.617014944118027","0.71439059912539","0.92402459931026","0.975276666914339","0.331168555059501","0.113592049465876","0.939267502680613","0.298024296045192","0.657648605235523","0.987835741670292","0.515734694005935","0.894795570733133","0.221246571645696","0.723255149336042","0.459618582815068","0.474741858624492","0.543548723277026","0.486404682833897","0.671576321612863","0.529091534764205","0.90068019596377","0.967120138654887","0.846081225608404","0.590585340280106","0.790881921397282","0.143050508831951","0.287011207798609","0.86094515573898","0.578161651671007","0.920945325574636","0.752339494973472","0.215967917391583","0.982703300875126","0.295142294546163","0.583020998283477","0.319554739559067","0.810781214229237","0.181396096968287","0.448318651151326","0.377944361218875","0.362279401524685","0.13011297538603","0.0123710025192851","0.465219712941623","0.245549213593764","0.546438189691165","0.856651126367707","0.664008357848176","0.3790222829832","0.582615753531743","0.708517361277542","0.462254394629715","0.824577241993423","0.538827910840161","0.809117550061297","0.280934549481444","0.896559374363074","0.223591241428044","0.290762878995877","0.676042454375933","0.509127638599093","0.132529933845163","0.258710296545523","0.884642192132277","0.0458655946502586","0.716837101342834","0.845530775924769","0.725940335547411","0.643359205568627","0.534143437718197","0.922972034878489","0.322217553385867","0.496919755835819","0.564044104150737","0.242635038454357","0.920043157985176","0.698972062554535","0.259741749974223","0.675452979393033","0.0241032018699921","0.877239962622352","0.759160165293729","0.0164590976318128","0.24699483791239","0.257874050951518","0.954958172321275","0.618298821049407","0.518596485847587","0.0012783506318344","0.50779078337141"
"0.04","True","1","10000","0.0260451737756051","0.540816910112738","0.183820434799071","0.0383031548692861","0.376401988474302","0.950184897529739","0.161363416471967","0.849722981252344","0.87275299225495","0.197885560600058","0.936309828295292","0.763741512071486","0.368880614247274","0.872146022959387","0.0270608052912929","0.252174713724303","0.634642635040041","0.483237926009539","0.680216741545829","0.988016052306692","0.219803330828285","0.156196125103546","0.912872220450709","0.439008095804135","0.726109788523792","0.950884712630572","0.361517053227601","0.77415278021865","0.998584735586098","0.427342297606752","0.861149346769406","0.680363394040436","0.682252943576732","0.0996764248163425","0.738381591298268","0.106759873306512","0.837884528317165","0.738404563614101","0.413903827532675","0.465029050226662","0.570162329242837","0.0702280654101434","0.785424411358375","0.477237443477932","0.989270500958789","0.485469252284699","0.715831270507686","0.601591318574799","0.294078839342114","0.897024758787841","0.949019236556548","0.0127426216661274","0.0220126319911845","0.611447912534552","0.201084277006057","0.878987579133485","0.969302519914442","0.904187771605435","0.980797690490205","0.867033666655736","0.875259054702574","0.980379515209135","0.592647812988789","0.779486018097739","0.14009034446515","0.19022356039414","0.854000067629998","0.763675927785005","0.743679021662698","0.534798026452749","0.948815555411455","0.347495306138139","0.264501132459019","0.548761867766407","0.0400457011710461","0.953569516847993","0.897199848144247","0.0893146719657529","0.86294679162328","0.538630402041383","0.711291064036464","0.763154044533495","0.4769480930154","0.704189053936448","0.958479573277099","0.165738194463659","0.462419958730957","0.899059499217036","0.955939492200034","0.881782389237588","0.668857215575867","0.912230301040993","0.0525385083213137","0.43228730999701","0.323195584477092","0.407981510241307","0.805090623872319","0.815130208023608","0.180684574371988","0.948661403179708"
"0.04","False","1","1000","5.39999591932488e-05","1.37532415499231e-06","0.0017427367450222","0.00899551057570964","4.28601130947036e-06","1.40693349689436e-07","0.004107434061821","0.00224610665701609","1.63238661712537e-08","4.43393811942635e-06","5.21896413092176e-06","0.000165680614768643","6.40457694142259e-05","0.140564392742536","0.000156062743911792","0.00565088499917128","0.000283241977900048","1.06412866020248e-06","0.00177463685848814","0.000579016678792854","0.00961813514278205","0.00504657874525769","0.0187517265602242","0.000788783371626162","1.44494174061248e-06","0.000336014417501846","0.0146271586071644","0.000444079883586269","1.3754763148456e-05","0.00181672091995472","0.00831256000600508","0.00155884183568619","4.61793419373585e-07","3.6866793506362e-05","0.0291684081616919","0.000128476493820569","0.228642117617585","0.000162056823768646","0.0747212433878107","0.0035984499103285","0.012948179564716","0.0012744589103606","0.00904733320432745","0.0405740385861269","0.000520760922005307","0.00954878065496655","0.00171714384638321","2.32694375940259e-07","0.000372143301077474","0.00163458332230917","0.0097822408191948","3.66960255180717e-05","0.00409182600698471","0.00854105742109096","2.31532855611202e-06","0.00393746448777113","0.0227688446240966","0.0412800304945306","1.11196210484963e-08","0.00236588421516162","1.07306183806374e-05","0.0820365771967513","0.010903926466507","0.0323201912986545","7.86683815820779e-05","2.24013058725888e-05","0.000410510284903288","0.000206253100428556","0.0212700910166284","3.02143967591842e-06","1.84909912769405e-05","0.000641195116303757","0.000409110138640993","3.86443971384969e-06","6.62310777273654e-05","5.90604638488322e-05","0.0408103621816672","0.0154535430455848","3.31266125904015e-05","2.39072041682856e-07","0.00172403236582279","0.000200057449604253","7.97727262708919e-06","6.43532475636578e-07","0.00255611813754529","0.00207439007172385","0.00550685198790668","0.00154024084282937","0.0146264796241569","3.88263973766984e-07","0.118296944577496","0.00130906608360004","9.03655921004515e-11","0.00428467832480511","0.00799242668549307","0.00277536123924153","0.00729396526837236","0.0290439145681368","0.0106557616204784","0.000149381176835875"
"0.04","False","1","5000","8.91233584923702e-11","3.48503654666752e-12","6.00182972581128e-19","2.22261866414178e-10","8.51621350901738e-14","7.20123122137212e-18","3.55062102322116e-15","5.92228608137798e-16","2.03436308093678e-17","1.45853616129055e-15","1.71778756825866e-15","2.22637454404798e-14","3.19712465602636e-13","1.87622777202849e-14","4.92531675128346e-18","2.99621591858634e-10","4.44604127757383e-14","1.12059381145106e-16","1.60550726025554e-14","2.06795840202285e-13","5.89066419778494e-12","1.1440268671529e-13","5.12466104086228e-10","8.24910281000252e-15","4.37296943316998e-17","1.45283450022653e-11","5.98295266372046e-17","4.23359228071794e-16","1.53838099327903e-15","2.09063279535953e-15","1.94108979414626e-14","1.79557672439979e-13","1.15563174412404e-15","2.64901366919967e-12","7.14874317157077e-13","4.9582908149549e-09","2.04401334394721e-10","5.56324820039182e-14","4.92313286252582e-12","2.72852963957831e-14","9.43335199114056e-13","8.04340830008671e-10","3.31146675382505e-13","7.71063267707775e-10","7.35002288911517e-12","7.46284896507262e-18","6.01813362794492e-14","1.04192887965107e-18","6.6666892812286e-16","2.16129440477313e-11","7.49076762896952e-11","1.46892855686695e-18","1.75960068394313e-07","1.3989797637478e-11","1.89900728046845e-09","1.55790409218288e-12","1.71623033169702e-12","1.45533082539601e-13","9.71512793862597e-18","1.23724621749407e-12","2.21760758012344e-15","9.47046404958879e-12","1.4940669809946e-13","1.89424421889639e-16","3.34401350769515e-15","9.69744613279193e-17","1.27587821503595e-13","8.48620340193606e-18","7.26709567633604e-10","9.48841679287924e-16","3.14743069540046e-17","1.52035450221806e-09","1.17523813721209e-17","3.00851664439715e-12","2.79267874129001e-20","1.00815739194734e-12","1.626288815636e-12","1.01536730239257e-12","1.74020577384475e-14","3.09960058534951e-12","2.95606266017588e-13","4.15388029616206e-11","1.67119426667047e-11","6.36531897998416e-12","1.4975459878049e-18","7.98362935860499e-14","1.13438581441259e-12","6.44671996326999e-18","1.52216167667789e-14","3.778562811128e-23","2.15677636184393e-14","2.46799233536355e-14","2.12032091707583e-22","5.36638914296948e-11","7.1450569161007e-18","2.85472748632108e-14","3.71674845648819e-12","2.71707662829705e-16","4.01152519940859e-05","9.50275514995878e-12"
"0.04","False","1","10000","2.40446232804715e-17","3.63142051967774e-23","3.76468551223202e-21","1.96869653160367e-17","1.20384960613974e-29","2.78035758137916e-25","3.64560706624459e-20","1.71711910680712e-27","8.36001978070073e-28","5.95733512391296e-31","1.42135279864031e-27","9.85562479356848e-27","5.28141330267705e-30","7.62795723340749e-27","9.9882038881505e-38","3.5746580173688e-23","1.05745132848733e-23","1.01428751179745e-28","9.61675989529763e-27","7.0427985948978e-25","3.84996646072578e-21","4.61839549209833e-20","2.54044974160723e-25","1.74454115800469e-29","2.99650767842609e-28","6.41126971043694e-26","5.10681335698167e-32","2.19607494401482e-28","3.02263968718814e-26","1.36222275266172e-21","2.89408317508421e-27","8.83281596085823e-27","3.17345687035483e-29","2.68480293197495e-19","1.27916029775801e-27","1.1965029995534e-18","1.6295390746453e-24","2.52783575068414e-28","1.69764881706145e-28","3.45405564266889e-23","6.53895161164817e-23","1.04791760499341e-17","1.40497349830133e-27","1.06409569177508e-21","1.74605162804191e-26","8.38676917328253e-30","1.50748771423806e-26","1.02961312262818e-28","1.08802883819684e-30","1.27088804091867e-27","7.99274371760233e-26","1.53201280253702e-38","2.4335437195144e-17","3.14925135178409e-23","3.93454008148672e-19","8.64120734913454e-27","2.02683854542166e-25","1.53793128297586e-26","3.79973598635461e-27","5.08138244492812e-27","3.50493078090234e-28","4.31078995054705e-25","2.52388490104929e-24","4.31283030426432e-27","1.58463879646624e-20","8.75226569259254e-33","1.68312534804788e-27","2.90526689084806e-26","3.08649603104786e-24","8.81799225652847e-29","2.06852233321858e-27","1.28873716803846e-21","9.28570973748884e-32","4.5955796294604e-22","1.7859708511732e-35","7.3972242566212e-27","2.08770984705965e-26","1.42515668339846e-34","6.40639342842165e-26","3.44968853321417e-24","1.45211210302959e-22","5.28934694164916e-26","9.16490459192966e-23","1.0609443161397e-28","7.60409056883989e-27","8.20685218871257e-32","7.45563604010656e-30","4.32465046518084e-26","5.32701247261941e-25","4.60453817951766e-27","2.31729773150407e-28","9.79162825482759e-25","9.5328086351309e-36","1.36432880983025e-23","4.73465440377174e-32","1.29873747895312e-30","1.38159462178619e-25","4.09243837145866e-26","4.49623196027639e-20","1.31368262473247e-25"
"0.06","True","1","1000","0.543751499691256","0.134647885560766","0.950012308982323","0.470221820038332","0.2187298140984","0.0285198449252668","0.758073465410761","0.697416043466096","0.0230840690061553","0.210193989798485","0.242247747078424","0.589565720652291","0.563848828244827","0.0535361393714592","0.543960274369273","0.380235034482887","0.911865957712116","0.079464311522954","0.937453247282991","0.912295304668633","0.582841449030835","0.573389679597446","0.30174346103239","0.939129159796165","0.111623069837164","0.62764751873664","0.297575382937177","0.86748581855059","0.282955106652448","0.936705689600578","0.550232935320654","0.892547793484723","0.144108332829589","0.429471097270371","0.193145013318633","0.663540063346956","0.05348599422445","0.672066069546692","0.197298698752199","0.673538404155577","0.429908827497875","0.86064919387037","0.504928449887291","0.174322250530729","0.932457818795576","0.454186705075556","0.88391146022899","0.0852629222310778","0.651939531992192","0.851273036404966","0.422152604099477","0.494401000689244","0.52738093277055","0.465977638987706","0.101413349842506","0.492311991297652","0.414220041886931","0.0977169409195031","0.0227236361394016","0.790275872628068","0.391940944366617","0.0557116411663865","0.298460859410418","0.192047146069987","0.71416930984078","0.300585214151199","0.520733498139015","0.617696995841618","0.459051024933206","0.209353097038367","0.390148573803813","0.791188700935686","0.618478371473237","0.275277196894196","0.433863901572909","0.36890870723779","0.202325165133111","0.377038836744333","0.344475791937166","0.139916014700834","0.962678259718033","0.695757730135207","0.282936140129213","0.118423596346452","0.856682288616277","0.600871167860079","0.317261079417434","0.625048744498594","0.480540823456796","0.0772911122763257","0.0548368393831488","0.987506244114168","0.00132727780198844","0.432098997712198","0.428945772525542","0.550247082915561","0.611862820105696","0.161619282231985","0.529534997423913","0.670421079469733"
"0.06","True","1","5000","0.233559078168388","0.532897040876077","0.27206278819899","0.1994838442347","0.929356398643754","0.234852751049977","0.589861325975158","0.806712761832175","0.36481914412429","0.528333293100174","0.617014945558103","0.714390631046238","0.924024575052873","0.975276688394094","0.33116856522063","0.113592052878712","0.939267509003592","0.298024298658993","0.657648616372316","0.987835728540134","0.515734658663203","0.894795599695568","0.221246586615794","0.723255181928997","0.459618600727163","0.474741846204522","0.543548700092404","0.486404701909227","0.671576341363883","0.529091493637435","0.900680212970959","0.967120153384762","0.846081214828514","0.59058531685066","0.79088194175987","0.143050508296432","0.287011199026869","0.860945159509489","0.578161680896158","0.920945334749555","0.752339515544383","0.215967897890534","0.982703322571914","0.295142290480349","0.583020999491535","0.319554703128929","0.810781224720373","0.181396086501869","0.448318681214781","0.377944385586496","0.362279420855822","0.130112980832679","0.0123710029696871","0.465219724291052","0.245549208299878","0.54643823374892","0.856651084113637","0.664008338518072","0.379022264967484","0.582615753544998","0.708517420783486","0.462254370569466","0.824577228472551","0.538827895392179","0.809117528267444","0.280934549024519","0.896559386597292","0.22359125241979","0.290762870858161","0.676042480310864","0.509127624988398","0.132529939445276","0.258710304329608","0.884642191559251","0.045865595667845","0.716837175297878","0.84553076783608","0.725940339792012","0.64335925913833","0.534143427906297","0.922972064675543","0.322217570461513","0.496919799350737","0.564044129576683","0.242635041266745","0.920043120573651","0.698972061851378","0.259741747789945","0.675452979100419","0.0241032025817335","0.877240026794771","0.759160164451527","0.0164590993536524","0.246994830543358","0.257874068373718","0.954958194716405","0.618298823928116","0.518596493749518","0.00127835066142552","0.507790782731722"
"0.06","True","1","10000","0.0260451714004776","0.540816897255197","0.183820419578372","0.0383031553692898","0.376402004121962","0.95018486975047","0.161363424532906","0.849722989435871","0.872753073580023","0.197885554790832","0.936309851305671","0.763741511028615","0.368880638933375","0.87214601606455","0.0270608064757524","0.252174717442849","0.634642634754299","0.483237892273407","0.680216726663821","0.988016079609287","0.219803319971361","0.156196130424415","0.912872229763961","0.439008090378042","0.726109835202065","0.950884782556962","0.361517047645529","0.774152782641612","0.998584723692161","0.427342305924057","0.861149353187506","0.680363425399547","0.682252954207801","0.0996764180155604","0.738381579912718","0.106759878626978","0.837884501834593","0.73840456433734","0.413903838327951","0.465029039749246","0.570162332739079","0.0702280577183547","0.785424342977845","0.47723742946202","0.989270489335107","0.485469218577287","0.71583126900225","0.601591298353048","0.294078838472279","0.897024733503059","0.949019255122669","0.012742622443392","0.0220126335184444","0.611447900757929","0.201084283495442","0.878987581579424","0.969302552298884","0.904187769415456","0.980797711897017","0.867033652918936","0.875259134650208","0.980379542727341","0.592647786724701","0.779485987600986","0.140090339139108","0.19022356353233","0.854000058577343","0.763675938559202","0.743679022360293","0.534798036648156","0.948815517967865","0.34749532423521","0.264501146354294","0.548761879930927","0.0400457014880209","0.953569574736648","0.897199881712092","0.0893146698191622","0.862946863306848","0.538630374070832","0.711291060225515","0.76315404943605","0.476948116115199","0.704189059512137","0.958479546391073","0.16573818989037","0.4624199748679","0.89905953447081","0.955939511041916","0.881782403487835","0.668857223855176","0.912230303246332","0.0525385063298916","0.432287285905994","0.32319562990492","0.407981495011081","0.805090645655845","0.815130172839337","0.180684583000327","0.948661425483676"
"0.06","False","1","1000","9.95175835367734e-09","8.82665538579723e-11","2.520920087257e-06","2.01786716810696e-05","3.9897881864272e-10","1.28010010010502e-11","9.17589352403306e-06","2.12195539303749e-06","2.71100086573443e-13","4.79717993602747e-10","4.34790001426469e-10","8.5219418575358e-08","1.31576622736689e-08","0.00156647703545364","9.15000305631538e-08","5.21062261406702e-06","8.07412380059877e-08","1.35638981437097e-10","2.47075967516735e-06","3.39913069890413e-07","3.55205069954275e-05","7.63325727914625e-06","5.87200157680713e-05","6.00423268737875e-07","1.4462362489623e-10","3.04411677015631e-07","3.22337588935876e-05","2.29839145715665e-07","2.37511525115902e-09","2.58637265409527e-06","2.20856338785821e-05","1.70844833455124e-06","9.80128675078474e-12","7.94565589886794e-09","9.65943010133125e-05","3.66298524617246e-08","0.00578459441576497","6.02893995438835e-08","0.000946247340177502","5.05779917906546e-06","4.1440301460631e-05","9.19461706820264e-07","2.3760990980918e-05","0.000187276421135057","2.6875399500343e-07","2.15502121800676e-05","1.9939060024426e-06","6.82851588473127e-12","3.42432677084332e-07","1.58317788756082e-06","2.07957389539657e-05","5.38756410872906e-09","4.38450968294871e-06","1.78269425461894e-05","4.55110664902838e-10","3.18748625206355e-06","0.00014339649505683","0.000118703811630018","1.16942366114519e-13","2.85123473197904e-06","8.11115135627011e-10","0.000390195865514347","1.64482039371042e-05","0.000124892828866227","1.16165162577037e-08","6.17182669049459e-09","7.15014694896991e-07","1.21472592850912e-07","0.000140448326218391","2.1148525432376e-10","2.39325840864667e-09","7.13700466694963e-07","5.26500783594247e-07","2.24828642232116e-10","2.52701296158635e-08","2.97407214144978e-08","0.000239838911753903","4.88898959387096e-05","9.67382435990977e-09","3.16800440550087e-12","2.48038109228866e-06","8.39222096054015e-08","8.84342702840802e-10","2.75460758649784e-11","4.15622061984717e-06","1.24292931864899e-06","3.84333142811661e-06","6.77065088685217e-07","6.42294197614114e-05","1.79722372797393e-11","0.00103879422165321","1.62226814864219e-06","6.00729056841014e-16","3.13159345470053e-06","1.45270515574497e-05","1.8094704544241e-06","2.11632077553602e-05","8.03576331451993e-05","3.60739529030878e-05","4.73333026776603e-08"
"0.06","False","1","5000","1.00701938624976e-24","1.06255888676451e-26","4.25130319960281e-37","5.71976708060854e-24","1.23751365452787e-28","1.35445585121734e-34","1.64171904466979e-30","6.40103684999807e-33","2.51504965077413e-34","4.02273954014101e-31","2.81034886045096e-31","3.44920045852975e-29","8.58621086321679e-28","2.647815087875e-30","1.94678226881911e-35","2.37463518852917e-24","1.48213727599895e-29","1.89762106670621e-32","2.54651339506796e-29","6.23602511217804e-28","3.8010891012682e-26","8.38083475448715e-29","4.95498460531567e-23","4.09222684601653e-30","4.51294558480958e-34","1.6924981852485e-25","3.65491925867325e-34","4.60658137827881e-32","1.66107839180828e-31","9.37365350546993e-31","5.14224115158097e-30","5.39672515758717e-28","1.78107454138494e-32","8.58493329038097e-27","2.28135039179862e-27","3.30790297484795e-21","1.31678368897261e-23","8.62663556916172e-29","3.86971394366311e-26","1.34260082723335e-29","2.97155814640335e-27","1.32671079142653e-22","1.32906843242145e-27","2.89896069522078e-22","9.17173929072772e-26","3.98106701107602e-35","1.41176863873863e-28","6.59901463961092e-36","1.49257005206034e-31","1.87351360991948e-25","2.89909643663252e-24","3.27521563843634e-35","1.56852683133426e-19","1.62296474827174e-25","1.44048455629125e-21","1.8191944747154e-27","2.29733494464927e-26","2.3402128457048e-29","3.85669100445667e-35","1.7021283088892e-27","2.31700015420135e-31","5.4478592159707e-26","1.01509173282569e-28","4.65982149146117e-33","2.63021385621549e-31","1.79510847867256e-32","1.11942830442381e-28","2.0945001653519e-34","2.70103382480285e-22","4.73399125640369e-32","1.3009167739604e-34","1.62683302198885e-22","3.74699627762368e-34","1.00758109230009e-25","1.85190042320069e-37","2.87997374524585e-27","1.96598227548525e-26","2.86162374385974e-27","3.16709052969318e-29","9.49825741183395e-27","2.07422052452992e-27","4.57859620092066e-25","3.14411402918146e-25","5.41007324596952e-26","5.08874802405383e-36","1.33620012275002e-28","3.33671108101606e-27","8.11184919047373e-35","1.85531432451938e-29","1.68045756115193e-42","1.03960251443333e-29","3.2644359932397e-29","1.15201116343987e-40","3.87740492816768e-25","1.1863036382077e-34","4.91183203045349e-30","2.56945297764866e-26","1.09858785048088e-32","1.02406629572245e-14","9.30417709514121e-26"
"0.06","False","1","10000","5.71336350754515e-43","1.60996572344438e-51","3.2300547348424e-49","9.21006068400108e-43","9.89425594870384e-61","4.30406587924461e-54","3.65528549613355e-47","1.72707886109658e-58","3.79287186800789e-59","3.53416708987275e-62","5.01471388537202e-59","2.23352439331366e-56","1.75728280118746e-61","4.21202844330797e-57","7.60282061150591e-73","3.40884268745083e-53","3.6542518801832e-52","1.98370273432909e-59","4.96137954803774e-56","3.02545617734241e-53","9.50864867957663e-49","6.20437342806192e-47","1.10476233331363e-54","1.09400372306169e-60","1.53547413413556e-59","1.91564176651593e-55","9.0659963006115e-66","4.89540068320569e-60","2.25695147410244e-56","1.55948714356192e-48","4.34529771902794e-58","3.55012686669404e-56","1.59523608016185e-61","6.71808415356309e-46","3.24316126964623e-58","2.9577080911622e-44","3.2070358621645e-53","9.64225848675943e-60","1.57457508641145e-58","5.98386529500264e-52","7.43661633892771e-51","1.16968999664704e-42","1.8749732427415e-58","1.45826605554168e-48","7.08106812451804e-57","8.56526360587771e-62","7.08474062347574e-56","6.07382039655895e-60","1.99075916685822e-62","6.76507199322076e-59","1.64951449316437e-55","1.22775760615255e-73","3.38083786840861e-43","2.9062681700268e-51","2.30128350702419e-44","3.94861865027318e-58","1.90779720321194e-54","1.96178165247562e-57","1.99717927147315e-58","1.84642097108838e-57","4.69650608566835e-60","8.56807886592983e-54","7.50300969935726e-54","2.57339337133547e-57","2.95586667545278e-48","6.27036070794799e-66","1.94503509927021e-58","1.90044807075534e-55","5.69474196746311e-53","8.40347332258251e-60","1.08447645583514e-58","5.13550430280941e-49","3.05555994501327e-64","5.15786185453295e-49","6.2630140395651e-69","7.41324723490808e-58","2.75439194638508e-56","2.85349582020254e-68","4.67893916581106e-55","8.05944174419308e-54","1.98004417713392e-49","7.64002241047451e-57","6.42155721712056e-51","1.97829511577753e-60","1.99454906025153e-57","1.47078141146754e-63","1.16595728654618e-61","2.0830335819285e-56","8.62253184874205e-54","1.33490020492822e-57","1.64887469319102e-59","2.43865118024672e-53","7.73982513223147e-70","4.85340263514208e-53","1.80847417317137e-65","5.04374226267807e-63","9.95854636352403e-56","7.12150211075225e-57","9.21951374983497e-47","3.94318084335222e-55"
"0.08","True","1","1000","0.543751515306412","0.134647903532291","0.950012257109374","0.470221799026186","0.218729830720886","0.0285198448825995","0.758073509711258","0.697416074029466","0.0230840685916155","0.210193996259904","0.242247722938421","0.589565736266364","0.563848796715837","0.0535361371506176","0.54396026384893","0.380235025500841","0.911865882507943","0.0794643143528309","0.937453225890857","0.912295286815485","0.582841473738104","0.573389693231254","0.301743414052347","0.939129103512605","0.111623074821447","0.627647474489896","0.297575361766761","0.867485836216607","0.282955090958595","0.936705695854641","0.550232938026666","0.892547784595087","0.144108330997934","0.429471052570133","0.193145011212054","0.663540080667262","0.0534859929433935","0.67206609834153","0.197298661194293","0.67353836753468","0.429908849243891","0.860649208750655","0.50492845421249","0.174322246940392","0.932457775162706","0.454186692378544","0.88391150212056","0.0852629319096716","0.651939528438619","0.851273014483722","0.422152586658098","0.494400998309643","0.527380922191296","0.465977628810409","0.101413351875431","0.492311941301946","0.414220043980243","0.0977169506055064","0.0227236360513409","0.790275865312981","0.391940900475969","0.0557116410317482","0.298460874827653","0.192047158497142","0.714169333274638","0.300585198769448","0.520733491172454","0.61769702025954","0.459051041771556","0.209353083716187","0.390148610192752","0.791188680950383","0.61847835319823","0.275277191324401","0.433863902350891","0.368908704346813","0.202325166160976","0.377038837554605","0.344475764590162","0.139916022495625","0.962678255222094","0.695757776353767","0.282936170395131","0.118423596702103","0.856682247095635","0.600871193442353","0.317261096832052","0.625048752435519","0.480540847027945","0.0772911143555825","0.0548368424967452","0.987506231348305","0.00132727787840396","0.432099047331565","0.42894576676326","0.550247037057471","0.611862804398713","0.161619292825561","0.529534980587065","0.670421126574884"
"0.08","True","1","5000","0.233559062157743","0.532897035037905","0.27206281110596","0.199483839857559","0.929356438329588","0.234852732641244","0.589861359348729","0.806712767576192","0.364819137430422","0.528333318872077","0.617014938872803","0.714390626020772","0.924024583385071","0.975276713511125","0.331168553629252","0.113592044311645","0.939267525156944","0.298024300217875","0.657648644705625","0.987835776127367","0.515734678321656","0.894795612132994","0.221246568458697","0.723255123627505","0.459618600584531","0.474741828190053","0.543548742848479","0.486404720103578","0.671576316060325","0.529091500861752","0.90068018074192","0.967120108308099","0.846081208677282","0.590585321476837","0.790881983187586","0.143050508282507","0.287011169987561","0.860945129719325","0.578161644960156","0.92094535333411","0.752339506115321","0.21596791035483","0.982703341609784","0.295142283029169","0.583021025888142","0.319554710824715","0.810781169160019","0.181396089348481","0.448318693145339","0.377944365300836","0.362279383010423","0.130112976633612","0.0123710033480638","0.465219731842818","0.245549199928717","0.546438201108532","0.856651060728429","0.664008410971041","0.37902226118514","0.582615742934103","0.708517413020661","0.462254392596277","0.82457723289124","0.538827875947943","0.809117538195088","0.280934563089764","0.896559397392742","0.223591245251642","0.290762880239056","0.676042478618428","0.509127651582578","0.132529946760951","0.258710305257685","0.884642211211121","0.045865596269843","0.716837195487139","0.845530762689388","0.725940351138801","0.643359249620977","0.534143426672493","0.922972083245246","0.322217550743645","0.496919781407659","0.56404410706432","0.242635027351757","0.920043136320525","0.69897207320455","0.25974174663018","0.675452973478353","0.0241031995203435","0.877239934082014","0.759160188482201","0.0164590995578353","0.246994830920738","0.257874044723417","0.954958148968201","0.6182988272346","0.518596488632485","0.00127835059470767","0.507790746514283"
"0.08","True","1","10000","0.0260451705241629","0.540816907675133","0.183820399093019","0.0383031543284899","0.37640200780378","0.950184830627791","0.161363418613806","0.849722989026174","0.87275303974575","0.197885569561539","0.936309817057605","0.763741515123189","0.368880630037294","0.872145992169825","0.0270608030191231","0.252174698020728","0.634642648031041","0.483237909672865","0.680216764634734","0.988016061733411","0.219803319607753","0.156196135464058","0.912872199922185","0.439008078567157","0.726109825584199","0.950884759793932","0.361517064219737","0.774152804972876","0.998584740961782","0.427342316619063","0.861149318444172","0.680363400813028","0.682252916673397","0.0996764128670497","0.738381556480643","0.106759881874099","0.837884483785385","0.738404547155753","0.413903841945868","0.465029026515233","0.57016231172009","0.0702280603075566","0.785424344874932","0.47723743276138","0.989270514769494","0.485469204333988","0.715831230568495","0.601591279848487","0.294078865840309","0.897024753045748","0.949019223700185","0.012742622162784","0.0220126347832159","0.611447911481862","0.20108427942006","0.878987577959495","0.969302561177896","0.904187836929507","0.980797737745627","0.867033658687435","0.875259090425266","0.980379494440169","0.592647774390148","0.779485956104169","0.14009033034913","0.190223562667783","0.854000030555957","0.76367594726147","0.743679018484976","0.534798065763163","0.948815550725294","0.347495339494622","0.264501133369956","0.548761900530122","0.0400457006824924","0.953569581314596","0.897199912222385","0.0893146682666403","0.862946830754554","0.538630386956054","0.711291042880305","0.763154042936381","0.476948126275329","0.70418906115092","0.958479524618089","0.165738185801315","0.462419968918753","0.899059523236197","0.955939520425345","0.8817823749733","0.668857178151894","0.912230311389996","0.052538513098846","0.432287291145657","0.323195596427093","0.407981523134151","0.805090652747841","0.815130195868576","0.180684578132864","0.948661378188416"
"0.08","False","1","1000","1.40655646759633e-13","5.79222119687506e-16","4.15304713944057e-10","4.13239852062866e-09","3.22725684048786e-15","1.63714809576472e-16","2.2837398457553e-09","1.65949223476453e-10","3.95886340772598e-19","4.99453492098423e-15","3.38749181087543e-15","4.59224895146442e-12","2.09660876710829e-13","1.44454795512333e-06","6.20887009262816e-12","2.84100967842474e-10","1.78879523324661e-12","2.09344034213381e-15","3.5646419406028e-10","1.81228219236723e-11","1.70048702914469e-08","9.90431219660685e-10","1.54231062541874e-08","4.42184583267348e-11","1.49849648368463e-15","3.25390651575482e-11","5.17245480274876e-09","9.52978741832067e-12","4.30007040905491e-14","3.81504181675497e-10","5.72156410093346e-09","1.81852011633753e-10","1.37535642431422e-17","1.53539155022923e-13","2.31151498501869e-08","8.86318504678776e-13","1.75700098023231e-05","2.03108814354507e-12","1.49801209357744e-06","6.01775568463238e-10","1.36793456559995e-08","5.81727652880515e-11","6.0587720414817e-09","6.65644802064413e-08","1.09557514977884e-11","4.03331423933837e-09","2.21091688344989e-10","1.67507379949618e-17","3.65568203337659e-11","1.30675412011512e-10","3.5975194206813e-09","6.60250583835659e-14","3.42028516901119e-10","3.45750842362046e-09","1.24490116484128e-14","1.44714824006439e-10","1.1460518011606e-07","1.95887712188117e-08","9.79909578497938e-20","3.35131181574106e-10","4.19721238201811e-15","9.98717275709835e-08","1.58480219282908e-09","3.79184835981434e-08","1.13646704003911e-13","1.92250244888939e-13","2.05415346255664e-10","7.82216528526741e-12","1.22702412055702e-07","1.18185780877087e-15","2.43215627755917e-14","9.76974575362186e-11","1.01330999653131e-10","9.85857563267086e-16","1.01659428888649e-12","1.96501577397579e-12","1.38659414538134e-07","1.35503259462753e-08","2.90642792662506e-13","2.53214522531698e-18","4.22694347007259e-10","3.21488992899812e-12","8.70475826294875e-15","9.73351763436098e-17","7.3578053824456e-10","4.78031205224248e-11","1.38597521352612e-10","1.71260039220432e-11","3.229900315948e-08","8.59927533053806e-17","6.73923224639602e-07","2.25108202229535e-10","4.30156130406436e-22","1.28264931965149e-10","2.22272076216975e-09","6.54394153799322e-11","6.91368197355113e-09","1.44194345383085e-08","1.29257174101824e-08","1.40589810618813e-12"
"0.08","False","1","5000","2.11135747204606e-44","7.81031039254213e-47","4.6341066590814e-61","3.52872566763414e-43","8.43181354335282e-49","1.23871190144377e-56","4.67670177930515e-51","8.37564362363222e-56","1.04747981671542e-56","6.34980000259317e-52","1.97935507518524e-52","4.24460269685895e-49","1.08770352961553e-47","7.87152421989101e-52","2.08943519115135e-58","1.63709277377572e-44","1.4223460194008e-50","2.77823774998862e-53","3.53849552970743e-49","1.1497300276007e-47","9.66708943518628e-46","2.07758568857595e-49","1.84846220855889e-41","1.17097598827726e-50","1.12110782549688e-56","6.9009341778653e-45","3.42813151662731e-57","2.58463609885524e-53","7.15092471509012e-53","3.12442559306876e-51","3.20890993926155e-51","1.03854630247864e-47","2.95424916193465e-55","7.31220102513864e-47","3.29465844373503e-47","1.31002784188053e-38","3.66370015088326e-42","8.10434935850028e-49","1.34941957088932e-45","2.72634128409634e-50","3.56402841845086e-47","1.02095906348838e-40","3.10825235974947e-47","8.68909345698591e-40","5.58479372279081e-45","4.63842212641408e-58","2.42246998799627e-48","1.96055233466716e-58","2.01502303631404e-52","4.19135584377718e-45","5.19033344664519e-43","5.30312131162547e-57","1.77338899202003e-37","7.42311051609892e-45","1.04832495348592e-38","3.4628232723413e-48","2.37590314743803e-45","4.11494219048802e-51","2.93947990350895e-58","5.3863016634583e-48","7.36692607869622e-53","7.68988314019287e-46","2.24202933340515e-49","2.94723337504531e-55","4.71049466986033e-53","3.18770304851477e-53","3.68625650097995e-49","2.6455028480209e-56","9.07818792083814e-40","5.81675728792998e-54","7.99389031039589e-58","4.70369045825392e-41","9.20757730438574e-56","4.04544869126957e-44","1.09113520090636e-59","3.09485768199916e-47","1.82884229460493e-45","2.77873443608301e-47","4.99821232245355e-49","8.22749826248623e-47","1.2870238476581e-46","1.20183139889249e-44","2.98474680820371e-44","1.78495171151097e-45","5.46372271766156e-59","1.33164786494394e-48","3.68052592599656e-47","4.4507842536553e-57","1.61046246436358e-49","2.42260491477723e-67","2.12279164337975e-50","3.20198614140066e-49","4.08535795895894e-64","4.96852906464281e-45","1.0698428644235e-56","1.52644228039703e-51","7.43172964370573e-46","1.26133980475826e-54","1.11412043209098e-29","3.59796408010382e-45"
"0.08","False","1","10000","8.44367012706712e-80","1.06263035048006e-90","1.19268572965858e-88","4.32041696321632e-79","2.30195619245308e-102","2.13863505552916e-93","3.33579664940641e-85","1.37354472146773e-100","1.34677549126358e-101","9.23790881921673e-104","8.15522349043267e-102","1.68638346324099e-96","1.17735143070811e-103","3.605188134828e-98","1.18790647925305e-118","4.8571090263817e-95","3.06054627659446e-91","9.40071179492771e-101","1.41891139679955e-95","7.38771072776862e-92","2.58176066686047e-87","9.31341301927769e-85","8.20659247899819e-95","1.81463232824158e-102","7.62637896275066e-102","1.19095764921817e-95","5.7964784461366e-111","7.49198938571634e-103","1.94987999745744e-97","6.14011382932294e-86","5.01304665818265e-100","5.99819396164791e-96","3.25236617294528e-105","1.32973181846308e-83","1.33635137069487e-99","1.53939673159782e-80","1.48245710653987e-92","3.21786664267568e-102","7.63440810015744e-99","8.61892244678158e-92","1.66793097746777e-89","3.02805592622771e-78","2.16550312318714e-100","7.56202739504491e-86","3.03429660091259e-98","7.53986644573235e-105","1.20626470788388e-95","5.17042677861481e-102","7.89032022701982e-105","2.43683303130256e-101","7.02848578100513e-96","2.25276869335995e-119","1.81492819800493e-80","7.49778134548204e-90","8.15753005443373e-80","5.21684715432548e-101","4.91330771182744e-94","1.20103165329834e-99","4.70983646829012e-101","9.47318362140446e-99","2.69517876631165e-103","5.67376470177727e-93","1.5513254318225e-94","2.55536704825669e-98","2.19667592890468e-87","5.83907274509628e-110","2.25616165422338e-100","4.72266545855071e-95","2.1120603731078e-92","1.40491233271604e-101","3.13870836000144e-101","3.84672026159703e-87","2.48327497079557e-107","2.72456602470484e-86","7.42897166928114e-113","4.47724012304691e-100","6.48750172197417e-97","1.03455276604016e-112","1.27808237218311e-94","9.83313584875776e-95","2.03788146776862e-86","4.06969703523422e-99","6.65557338075889e-90","2.65336093471457e-103","5.81464778495009e-99","1.20322540800436e-105","2.60498118395149e-104","8.58680871644626e-98","4.25803703339171e-93","5.03697870064292e-99","1.50745508393164e-101","2.25807574449481e-92","1.33778749739869e-114","7.46485660222595e-94","4.67040266427473e-110","1.80421699364419e-106","5.10959040794985e-97","5.44309926541744e-99","2.60472720868103e-84","2.19054031031886e-95"
"0.1","True","1","1000","0.543751485427347","0.134647880881499","0.950012334313168","0.470221793609118","0.21872982440693","0.0285198496285725","0.758073499636601","0.697416063195404","0.0230840699915618","0.210193982850592","0.242247711058165","0.589565746607813","0.563848818572052","0.0535361442872563","0.543960254288104","0.380235005044264","0.911865931898337","0.0794643067713947","0.937453238775086","0.91229529904195","0.582841457264389","0.573389647949411","0.301743421486365","0.939129102193356","0.111623077528463","0.627647498701511","0.297575406448789","0.86748585006683","0.282955103717768","0.936705637105699","0.550232921919928","0.89254778426201","0.144108346525178","0.429471100043089","0.193145020044082","0.663540098285938","0.0534859931515809","0.672066069717215","0.197298664907629","0.673538360094947","0.42990884500532","0.860649201598124","0.504928450580807","0.174322237376512","0.932457823667203","0.454186698570127","0.883911444155489","0.0852629331114908","0.651939478449739","0.851273025764431","0.422152580424111","0.494400977669422","0.527380914379671","0.465977648163018","0.101413346401755","0.492311945067852","0.414220049748995","0.0977169407661774","0.0227236356626341","0.790275848577848","0.391940945852613","0.055711650553535","0.29846087336002","0.192047155267389","0.714169298718982","0.300585234319608","0.520733498774148","0.617697032272933","0.459051052555826","0.209353105636992","0.390148577701891","0.791188692954131","0.618478308585374","0.275277183539739","0.433863896097211","0.368908731410252","0.202325160233395","0.377038838924551","0.344475746424946","0.139916013123181","0.962678239269904","0.695757719668686","0.282936157341813","0.118423592120213","0.856682261353496","0.600871175043264","0.31726110241422","0.625048718536633","0.480540805539592","0.0772911161228483","0.0548368447172039","0.987506263718506","0.00132727763365014","0.432099021436286","0.428945781521511","0.550247056640127","0.611862806442914","0.161619302155865","0.529534971814449","0.670421120821196"
"0.1","True","1","5000","0.233559077666001","0.532897068783204","0.272062774028728","0.199483854671388","0.929356444818854","0.234852760306762","0.589861334080984","0.80671273074165","0.364819148637021","0.528333274936063","0.617014916441753","0.714390662450771","0.924024596327933","0.975276666683003","0.331168559321471","0.113592040307005","0.93926751605976","0.298024296960148","0.657648612189221","0.987835741712549","0.515734670734731","0.894795572482759","0.221246540109797","0.723255120609263","0.459618564781299","0.474741836110235","0.543548689889562","0.486404731194453","0.671576290505736","0.529091522784888","0.900680198178897","0.967120144335079","0.846081242640407","0.590585311215366","0.790881924964277","0.143050510600424","0.287011206046969","0.860945166350283","0.578161637327233","0.920945371866204","0.752339471583409","0.215967916173183","0.982703314375869","0.295142269939197","0.583021017565164","0.319554723766528","0.810781210049332","0.181396089170247","0.448318654751412","0.377944346789804","0.362279397434323","0.130112970506605","0.0123710027575397","0.465219739306091","0.245549220685375","0.54643818737077","0.856651052741113","0.664008373087549","0.379022307298561","0.582615764035342","0.708517411132676","0.462254443824433","0.824577215686569","0.538827843406115","0.809117524643225","0.280934559882646","0.896559369787834","0.223591236467063","0.290762881826992","0.67604248645699","0.509127653781271","0.132529939354178","0.258710268556783","0.88464220540722","0.0458655952102744","0.716837160143094","0.845530785961377","0.725940332915313","0.643359216148681","0.534143421154369","0.922972092553953","0.322217569854591","0.496919777726576","0.564044165728795","0.242635032347934","0.920043143991452","0.698972047438666","0.259741783926786","0.675452964482131","0.0241032031087434","0.877239961808907","0.759160202195123","0.0164590967945606","0.246994831332889","0.257874069571076","0.954958141747264","0.61829883623326","0.518596470791372","0.00127835038453177","0.507790729063548"
"0.1","True","1","10000","0.0260451750479116","0.54081694804569","0.183820430249771","0.0383031558745758","0.376402028223255","0.950184897577018","0.161363424218365","0.849722960165486","0.872753073660064","0.197885569077329","0.936309812668269","0.763741545751641","0.368880614770927","0.872146015468779","0.027060806756308","0.252174703535465","0.634642623132975","0.483237898984235","0.680216726315519","0.988016065348815","0.219803320453658","0.156196125267323","0.912872169090513","0.43900806197134","0.726109782963769","0.95088474966262","0.361517037000387","0.774152791064827","0.998584768903432","0.427342307840637","0.861149354030795","0.680363408393421","0.682252925745081","0.0996764157964155","0.738381585308935","0.10675988039133","0.837884531587717","0.738404545550926","0.413903867721347","0.4650290408264","0.570162296405876","0.0702280584040997","0.785424387916892","0.477237410917031","0.989270498841717","0.485469223006726","0.715831250540601","0.601591284057505","0.294078848623026","0.897024777515878","0.949019239977167","0.0127426211914523","0.0220126340021959","0.611447912768273","0.201084271674567","0.87898755289953","0.969302555512408","0.904187764167489","0.980797649617405","0.867033649276789","0.875259091580858","0.980379449921914","0.592647795769779","0.779485945061914","0.140090350734735","0.190223558930143","0.854000074911795","0.763675939875044","0.743679032946995","0.53479804714568","0.948815514098678","0.347495334964721","0.264501113032299","0.548761870262104","0.0400457057889736","0.953569604292578","0.897199873902724","0.0893146735972368","0.862946781767909","0.538630402367626","0.711291037448983","0.763154100601692","0.47694812902849","0.704189034256029","0.958479517319382","0.165738187823219","0.462419973791308","0.899059470430833","0.955939547452173","0.881782382981098","0.668857208104754","0.912230283449574","0.0525385024446289","0.432287281199322","0.323195611345342","0.407981516925906","0.805090649579283","0.815130239720651","0.180684565781039","0.94866135685654"
"0.1","False","1","1000","1.88992708895997e-19","4.5030820023517e-22","8.97259764855433e-15","8.8761642732181e-14","2.78293515865123e-21","3.57324212297116e-22","7.18828627082359e-14","1.32111493462493e-15","6.39476132159713e-26","6.223573285037e-21","2.88905750131216e-21","3.05754696039566e-17","3.12068522502361e-19","1.20322088457482e-10","5.83312904385484e-17","1.14030682881219e-15","3.76083519588483e-18","4.68209114735936e-21","6.11282058748652e-15","1.01755936048647e-16","1.20977411086226e-12","1.26149376455704e-14","3.90813669670902e-13","3.52477894322984e-16","1.92332976168175e-21","4.65595684659832e-16","7.12385343132003e-14","3.66497475759729e-17","9.53456592472829e-20","6.6226518208161e-15","1.61959907504721e-13","2.23595360195371e-15","1.60173611883923e-24","3.20908759250467e-19","4.64183365169341e-13","2.1788488387519e-18","6.60882099940027e-09","7.54065767581704e-18","3.1496411724216e-10","6.97072059912095e-15","5.34464210396095e-13","3.74713782798558e-16","1.72314736441474e-13","2.02368491434404e-12","4.14913448818938e-17","7.05690677746203e-14","2.73348203038521e-15","4.42572451994076e-24","5.12521161630344e-16","1.0697038732422e-15","5.877740894026e-14","8.03271775536405e-20","2.38283151021413e-15","7.28783943400905e-14","5.73381117612244e-20","4.32245505327498e-16","1.29587249506128e-11","2.26872107313221e-13","7.95016859315586e-27","4.38719837888764e-15","1.8781862787619e-21","1.55210922077281e-12","1.18987092240107e-14","1.05679695072188e-12","9.49369231864805e-20","8.10841002303021e-19","1.10393182577764e-14","6.56594249874136e-17","1.5608501395562e-11","6.55242557742018e-22","2.3636088007206e-20","1.94177223572199e-15","3.44828611958645e-15","4.22288887292828e-22","5.03512406630599e-18","2.0397553045811e-17","9.07545744382009e-12","3.66900005219245e-13","1.05000194367337e-18","1.67242102638463e-25","9.67925704769642e-15","1.36313752309167e-17","9.58026929378777e-21","3.60716257004249e-23","1.58250965313393e-14","1.46652501883887e-16","3.39391532721194e-16","3.08137296896692e-17","2.07777509238527e-12","4.87167825003686e-23","3.59872169814588e-11","4.18957108894448e-15","4.21454883711885e-29","3.52858607666228e-16","3.48713462578197e-14","1.56493796539253e-16","2.91895651375642e-13","2.01010955514848e-13","5.49939135131011e-13","4.60168557613021e-18"
"0.1","False","1","5000","2.36873088768213e-69","3.80886780881756e-72","2.6288637412362e-90","1.51560138740838e-67","6.71161534566846e-74","1.54317454452623e-83","2.12336486362231e-76","4.44830557140862e-84","4.6340097540517e-84","1.49215758738852e-77","1.71061752917623e-78","1.07776149917218e-73","1.6468980464552e-72","1.54452746773177e-78","2.10814372454701e-86","2.93481208478983e-70","1.21767825000489e-76","9.30352561881028e-79","1.12269917790557e-73","3.41501733923111e-72","2.90375787622809e-70","5.20756763098824e-75","6.69723867195746e-65","5.47175522917594e-76","2.11001440591513e-84","2.5840158075319e-69","1.5582306574359e-85","2.15393140683727e-79","3.89165503134871e-79","2.0861970572905e-76","1.20494167859258e-77","3.32968575834094e-72","1.59230775124118e-83","4.3073603170756e-72","5.9172016369657e-72","7.41987150374091e-61","1.13858212655298e-65","1.21535761316835e-73","5.83911465794065e-70","6.67158649491655e-76","4.27594593184028e-72","9.08129772424404e-64","1.04371393855677e-71","4.73406584548716e-62","4.38523640122715e-69","3.3865496984426e-86","7.61844480151065e-73","8.29467479790807e-86","4.21405491680646e-78","6.54233630039172e-70","1.14880973736739e-66","1.64878660895849e-83","6.74734889563458e-61","3.76855801648253e-69","1.71734134537362e-60","2.95964605573356e-74","4.64307526497109e-69","2.44746697290036e-78","1.34484302024416e-86","1.19791526529146e-73","2.07559745251053e-79","7.00018995269079e-71","5.17928059820146e-75","1.44942609370857e-82","5.69491722824673e-80","1.43700846829384e-78","1.36774835960469e-74","4.63563775598335e-83","6.85227334213807e-62","5.15907614658964e-81","2.35015519542972e-86","9.75586046584147e-65","5.65688221109353e-82","4.74179045688227e-67","1.49239924475688e-86","3.48652774258331e-72","3.33080115370246e-69","2.4661166348772e-72","1.68257852186147e-73","5.90953500193849e-72","1.72366658155681e-70","2.12362131853469e-69","3.91803143380818e-68","6.13647100217589e-70","6.01564254537811e-87","2.12658898328898e-73","4.31744344127282e-72","3.21696359355808e-84","2.4954284424783e-74","3.95304504762769e-97","5.30617666451908e-76","6.36508884701804e-74","2.62449313165286e-92","3.48127699900716e-70","1.61525796525085e-83","2.43096742995774e-78","2.40104574613071e-70","1.14901479461578e-81","1.06099221953809e-49","1.53013591401003e-69"
"0.1","False","1","10000","6.17771850278645e-127","7.9081417410642e-140","1.55171454973226e-138","1.42576296048036e-125","1.1184560569638e-153","2.20345926276463e-142","1.99918679171761e-133","7.43150937815419e-153","3.86982147419322e-154","6.81743827337304e-155","5.66326499635346e-155","3.19315949617223e-146","1.20079905406322e-155","3.97002062755881e-149","3.9779477758545e-174","1.12904267144836e-147","5.3583714887173e-140","7.7796427161199e-152","1.66489927037396e-144","7.44054807793418e-140","6.88786904133914e-136","1.19936471936085e-132","7.6803566594285e-145","6.85790803612419e-154","3.30400573660922e-154","1.15066321920098e-145","1.31663295903421e-166","7.81707367339145e-156","1.60323540698496e-148","5.60473750237493e-133","3.45889786714561e-152","2.83978622519486e-145","2.3699224316465e-159","1.56852498391472e-131","7.39033334985265e-151","1.12138861672889e-126","1.11529426640766e-141","8.63051986134168e-155","1.26761280210376e-148","8.19859564619512e-142","4.89196209537891e-138","1.13895367367928e-123","1.63778072795819e-152","9.06883761196957e-133","1.22779666015414e-149","4.69021257013106e-158","4.72336913398014e-145","5.50037553989628e-154","5.15655585524108e-157","5.55600382467839e-154","5.65380149425022e-146","8.10106790997744e-175","2.96293019576274e-128","4.19258473546281e-138","1.11389438602955e-124","1.83215277091276e-154","2.33039830231664e-143","3.18410350331808e-152","4.69701291264957e-154","6.03925369514446e-150","6.68580409071987e-157","8.22666598272659e-142","1.94367587841688e-145","3.16796220536052e-149","5.14809815169505e-137","6.20225220631769e-164","2.39455298573763e-152","2.90392719886093e-144","1.20122789112969e-141","3.14563391814887e-153","4.70947440487609e-154","4.03859095698739e-135","5.22828173753795e-160","4.31473015903205e-133","2.24771366641805e-166","1.62289212725391e-152","2.07986837173636e-147","5.99067990143774e-167","9.62047581283941e-144","5.43889840834749e-146","9.49093189503252e-133","7.78715420993925e-152","7.69998342297004e-139","2.42353995002656e-156","1.78437689801971e-150","3.38594357268597e-157","7.61773107986875e-157","2.68423070799216e-149","4.47840844897158e-142","2.21822216885412e-150","1.56833580835711e-153","5.94567558420711e-141","4.38622461020104e-169","4.5110148541182e-145","8.37696998713838e-165","5.31358548408803e-160","1.60224478493032e-148","1.72470806709458e-151","7.20381252041655e-132","1.83049740449877e-145"
