,n,$/beta_{xz}$,$c_q$,q_d,# perm,nce_style,d_Z,beta_xy,EFF est w,true_w_q_corr,KS pval,KS stat,uniform-dev,p_a=0.001,p_a=0.01,p_a=0.05,p_a=0.1
102,5000,0.5,0.5,2,250,random_uniform,50,0.0,1850.3232421875,-0.0008312864503999149,0.9678762643984435,0.0493625545501709,0.0016733407974243164,0.0,0.0,0.03,0.08
156,10000,0.5,0.5,2,250,ones,3,0.0,5000.0,,0.9253940340855714,0.05474101543426513,-0.0009561777114868164,0.01,0.02,0.08,0.13
120,10000,0.5,0.75,2,250,random_uniform,1,0.0,3736.521728515625,-0.014827886983845776,0.8942648572358678,0.05760957956314089,-0.013665348291397095,0.0,0.02,0.07,0.11
23,5000,0.5,0.5,2,250,ones,1,0.0,2500.0,,0.8942648572358678,0.05760957956314089,-0.008326709270477295,0.0,0.01,0.03,0.08
155,10000,0.5,0.5,2,250,random_uniform,3,0.0,3757.603515625,-0.010864724712712034,0.8890281250858438,0.05804783821105958,-0.01501995325088501,0.02,0.05,0.09,0.13
103,5000,0.5,0.5,2,250,ones,50,0.0,2500.0,,0.8669092076792341,0.05980081319808961,-0.013745039701461792,0.0,0.0,0.05,0.09
135,1000,0.5,0.5,2,250,random_uniform,1,0.0,370.07952880859375,0.050236060632298296,0.8165282563764606,0.06338647365570066,-0.009043842554092407,0.02,0.04,0.07,0.1
182,10000,0.5,0.5,2,250,random_uniform,15,0.0,3752.47265625,-0.0010417215015699013,0.7419726746968436,0.06880475997924804,0.012868523597717285,0.02,0.02,0.07,0.1
49,5000,0.5,0.5,2,250,random_uniform,3,0.0,1881.7203369140625,-0.014017375547023151,0.7361510930651077,0.06908365726470944,0.013426244258880615,0.01,0.02,0.05,0.08
244,1000,0.5,1.0,2,250,random_uniform,1,0.0,373.1263732910156,-0.006523924391080165,0.6920247776016955,0.07123506546020508,0.00011944770812988281,0.0,0.0,0.05,0.1
14,5000,0.5,0.75,2,250,random_uniform,1,0.0,1874.166259765625,0.01104156137528184,0.6415924307114479,0.0737848472595215,0.011593639850616455,0.0,0.03,0.08,0.15
50,5000,0.5,0.5,2,250,ones,3,0.0,2500.0,,0.5699486893684799,0.07760957956314085,-0.02454182505607605,0.03,0.03,0.06,0.16
46,1000,0.5,0.75,2,250,random_uniform,1,0.0,374.6940612792969,0.02810887658873934,0.5353068048231416,0.07956180095672605,-0.02804785966873169,0.0,0.0,0.07,0.14
75,5000,0.5,0.5,2,250,random_uniform,15,0.0,1868.031982421875,0.021363179613846015,0.5325386614364429,0.07972110271453858,0.021354615688323975,0.0,0.02,0.04,0.07
209,10000,0.5,0.5,2,250,ones,50,0.0,5000.0,,0.44558095336163067,0.08501991271972653,0.03752988576889038,0.0,0.0,0.02,0.08
183,10000,0.5,0.5,2,250,ones,15,0.0,5000.0,,0.32661025977611063,0.09354577541351317,0.026255011558532715,0.01,0.01,0.06,0.13
257,1000,0.5,0.5,2,250,ones,15,0.0,500.0,,0.3206913431428701,0.09402391910552976,0.02294820547103882,0.0,0.01,0.05,0.11
282,1000,0.5,0.5,2,250,random_uniform,50,0.0,364.783203125,0.08283374116429668,0.31485133384777714,0.09450200319290158,-0.026693224906921387,0.0,0.01,0.07,0.12
129,10000,0.5,0.5,2,250,random_uniform,1,0.0,3768.934326171875,-0.024329164935407297,0.28054216509561025,0.09745021820068356,0.018725037574768066,0.0,0.0,0.07,0.13
76,5000,0.5,0.5,2,250,ones,15,0.0,2500.0,,0.26574488611612135,0.09880475997924804,0.04047799110412598,0.0,0.01,0.02,0.06
5,5000,0.5,1.0,2,250,random_uniform,1,0.0,1875.4033203125,-0.019448531144326514,0.19231466691915652,0.10653387546539306,-0.0534263551235199,0.0,0.03,0.06,0.16
15,5000,0.5,0.75,2,250,ones,1,0.0,2500.0,,0.18221957553355883,0.10776894092559819,-0.04498016834259033,0.0,0.02,0.06,0.13
146,1000,0.5,0.5,2,250,ones,1,0.0,500.0,,0.18094804908435047,0.10792830228805539,-0.03390437364578247,0.01,0.02,0.07,0.09
121,10000,0.5,0.75,2,250,ones,1,0.0,5000.0,,0.17593193289106757,0.10856574773788452,-0.04768925905227661,0.0,0.03,0.09,0.13
130,10000,0.5,0.5,2,250,ones,1,0.0,5000.0,,0.1513810815147973,0.11191233634948733,0.03613543510437012,0.0,0.02,0.04,0.07
220,1000,0.5,0.75,2,250,random_uniform,3,0.0,373.1593017578125,-0.010811852839989252,0.1443667936998028,0.11294821500778196,-0.050876498222351074,0.0,0.01,0.06,0.12
57,1000,0.5,0.75,2,250,ones,1,0.0,500.0,,0.13787219236699602,0.11394426822662351,-0.044143497943878174,0.01,0.03,0.05,0.11
208,10000,0.5,0.5,2,250,random_uniform,50,0.0,3738.549072265625,-0.0280902561671337,0.1338420578814526,0.11458165407180787,0.058207154273986816,0.0,0.0,0.03,0.05
256,1000,0.5,0.5,2,250,random_uniform,15,0.0,372.09466552734375,-0.07547499564769,0.1267814066723453,0.1157370090484619,0.0465736985206604,0.0,0.0,0.05,0.11
22,5000,0.5,0.5,2,250,random_uniform,1,0.0,1915.1693115234375,0.012730154912481266,0.12278557205406551,0.11641433954238889,0.04103583097457886,0.01,0.01,0.05,0.09
229,1000,0.5,0.5,2,250,random_uniform,3,0.0,385.8714599609375,-0.07079053958937184,0.10311558842062749,0.12003982543945313,-0.045378535985946655,0.0,0.03,0.09,0.12
68,1000,0.5,0.5,2,250,random_uniform,1,0.1,374.6568298339844,-0.05626104129423418,0.05394644545226682,0.13262949228286747,-0.06159362196922302,0.01,0.02,0.11,0.14
110,10000,0.5,1.0,2,250,random_uniform,1,0.0,3746.778076171875,0.003395760946185821,0.0502294760585331,0.13394426822662353,-0.04745021462440491,0.01,0.02,0.11,0.17
283,1000,0.5,0.5,2,250,ones,50,0.0,500.0,,0.03673068191562761,0.1395618009567261,-0.04087650775909424,0.0,0.0,0.04,0.08
230,1000,0.5,0.5,2,250,ones,3,0.0,500.0,,0.027338123026436872,0.14466136455535894,-0.06940242648124695,0.0,0.01,0.06,0.12
223,1000,0.5,0.5,2,250,random_uniform,3,0.1,368.479736328125,0.03268776273196036,0.019313835246438794,0.1504382586479187,-0.08007967472076416,0.0,0.03,0.08,0.13
212,1000,0.5,1.0,2,250,random_uniform,3,0.0,376.1041259765625,-0.09354885502337157,0.000687735436422453,0.19737056732177738,-0.11617529392242432,0.03,0.05,0.08,0.17
255,1000,0.5,1.0,2,250,ones,1,0.0,500.0,,0.0005606553185673767,0.19988052368164066,-0.10733067989349365,0.0,0.02,0.1,0.19
247,1000,0.5,0.75,2,250,random_uniform,15,0.0,367.8868103027344,0.02064840247929823,0.00010449411785251627,0.21940237998962397,-0.12000006437301636,0.02,0.08,0.15,0.25
16,5000,0.5,0.5,2,250,random_uniform,1,0.1,1865.908935546875,-0.008510125586829271,3.930669819174477e-06,0.25306775093078615,-0.15262946486473083,0.03,0.09,0.15,0.23
79,1000,0.5,0.5,2,250,ones,1,0.1,500.0,,3.22824104478391e-06,0.2549402618408203,-0.14573708176612854,0.02,0.04,0.18,0.24
42,5000,0.5,0.5,2,250,random_uniform,3,0.1,1871.3306884765625,-0.0042833630602351035,2.750111730888544e-06,0.2564542245864868,-0.18219125270843506,0.06,0.08,0.15,0.29
221,1000,0.5,0.75,2,250,ones,3,0.0,500.0,,2.537359169718924e-06,0.25721114635467535,-0.1570916473865509,0.02,0.02,0.12,0.19
40,5000,0.5,0.75,2,250,random_uniform,3,0.0,1892.7574462890625,-0.013047009183463411,8.18344627540182e-07,0.2676095795631409,-0.15844622254371643,0.0,0.06,0.16,0.28
224,1000,0.5,0.5,2,250,ones,3,0.1,500.0,,2.53960558919323e-07,0.27792830228805543,-0.15099602937698364,0.0,0.03,0.08,0.17
147,10000,0.5,0.75,2,250,random_uniform,3,0.0,3767.38818359375,-0.014449338222157146,3.2672622844795416e-09,0.31314740180969236,-0.17155379056930542,0.03,0.06,0.12,0.23
248,1000,0.5,0.75,2,250,ones,15,0.0,500.0,,2.818213598247015e-10,0.33119524002075196,-0.2111952304840088,0.05,0.07,0.17,0.31
122,10000,0.5,0.5,2,250,random_uniform,1,0.1,3750.677490234375,0.016394708634479567,1.451951069189607e-10,0.335896430015564,-0.2230677306652069,0.04,0.08,0.25,0.35
43,5000,0.5,0.5,2,250,ones,3,0.1,2500.0,,4.125063552966432e-11,0.34462153911590576,-0.22836658358573914,0.04,0.1,0.27,0.36
41,5000,0.5,0.75,2,250,ones,3,0.0,2500.0,,1.2515020212251812e-11,0.35266937732696535,-0.22099605202674866,0.05,0.11,0.28,0.38
149,10000,0.5,0.5,2,250,random_uniform,3,0.1,3766.068603515625,-0.026757591486455307,3.9716947774038223e-13,0.37486061096191403,-0.21039840579032898,0.03,0.06,0.15,0.36
266,1000,0.5,0.75,2,250,random_uniform,1,0.1,371.90716552734375,-0.022844122674530377,1.4954434719274948e-13,0.3808765172958374,-0.23482075333595276,0.09,0.12,0.29,0.35
17,5000,0.5,0.5,2,250,ones,1,0.1,2500.0,,4.63536662791512e-15,0.40143431186676026,-0.2706374526023865,0.02,0.11,0.29,0.41
273,1000,0.5,0.75,2,250,random_uniform,50,0.0,383.9435729980469,-0.06226853016968515,7.295390650934046e-18,0.4366534113883972,-0.26418331265449524,0.06,0.11,0.29,0.46
148,10000,0.5,0.75,2,250,ones,3,0.0,5000.0,,6.256836028970817e-18,0.43745021820068364,-0.2774103879928589,0.09,0.14,0.28,0.4
150,10000,0.5,0.5,2,250,ones,3,0.1,5000.0,,4.633142811083302e-18,0.43900400638580317,-0.2800000309944153,0.07,0.12,0.33,0.45
31,5000,0.5,1.0,2,250,random_uniform,3,0.0,1874.697265625,-0.03700343898784696,3.674703235158687e-20,0.4631474018096924,-0.2908765375614166,0.08,0.16,0.36,0.46
123,10000,0.5,0.5,2,250,ones,1,0.1,5000.0,,3.68928939215595e-24,0.5051793336868287,-0.32836656272411346,0.08,0.18,0.35,0.54
274,1000,0.5,0.75,2,250,ones,50,0.0,500.0,,5.726027722564314e-25,0.5131474018096924,-0.315816730260849,0.09,0.18,0.39,0.55
66,5000,0.5,0.75,2,250,random_uniform,15,0.0,1881.9102783203125,0.030957607354984547,2.0999787589203116e-26,0.5268924236297607,-0.3269721418619156,0.08,0.2,0.43,0.52
0,1000,0.5,1.0,2,250,random_uniform,1,0.1,382.9480895996094,0.04964768036340661,2.2348462019582077e-28,0.5450199127197266,-0.3324701339006424,0.11,0.19,0.4,0.53
6,5000,0.5,1.0,2,250,ones,1,0.0,2500.0,,8.338546118810481e-29,0.548844645023346,-0.3412749171257019,0.15,0.28,0.46,0.57
90,1000,0.5,0.5,2,250,random_uniform,1,0.25,375.66656494140625,0.03278622744824778,3.5950498913375724e-30,0.5607968664169312,-0.35637451708316803,0.1,0.24,0.45,0.6
213,1000,0.5,1.0,2,250,ones,3,0.0,500.0,,3.445265925436366e-30,0.5609561681747437,-0.35868528485298157,0.17,0.27,0.46,0.58
138,10000,0.5,1.0,2,250,random_uniform,3,0.0,3763.2880859375,0.013467528800544061,4.3524493915577703e-35,0.6010358786582947,-0.3759761229157448,0.14,0.24,0.52,0.63
67,5000,0.5,0.75,2,250,ones,15,0.0,2500.0,,2.5661975998812366e-36,0.6104781436920166,-0.3807171508669853,0.15,0.24,0.55,0.69
7,5000,0.5,0.75,2,250,random_uniform,1,0.1,1890.5025634765625,0.0020198719194892646,4.176480437668479e-37,0.6164143991470337,-0.3964143693447113,0.22,0.39,0.58,0.71
238,1000,0.5,1.0,2,250,random_uniform,15,0.0,375.0652770996094,0.015423769296534566,1.743615532094328e-42,0.6546215391159058,-0.38231079280376434,0.14,0.27,0.57,0.68
173,10000,0.5,0.75,2,250,random_uniform,15,0.0,3740.87744140625,0.01516536231899997,2.696586027370039e-44,0.6666534113883972,-0.4082071855664253,0.2,0.33,0.62,0.73
277,1000,0.5,0.75,2,250,ones,1,0.1,500.0,,7.809291184211836e-46,0.6765737009048461,-0.4081275016069412,0.22,0.39,0.56,0.74
214,1000,0.5,0.75,2,250,random_uniform,3,0.1,376.8494567871094,-0.057167633554045555,8.778800405538615e-48,0.6887649345397949,-0.40824703872203827,0.29,0.4,0.61,0.75
249,1000,0.5,0.5,2,250,random_uniform,15,0.1,373.01885986328125,0.021869261951443245,9.61654220942644e-49,0.6946215391159057,-0.42314743250608444,0.21,0.33,0.64,0.78
101,1000,0.5,0.5,2,250,ones,1,0.25,500.0,,1.4493012234921531e-61,0.7643028163909912,-0.4504382647573948,0.4,0.55,0.76,0.85
174,10000,0.5,0.75,2,250,ones,15,0.0,5000.0,,7.284662548346084e-63,0.7705577945709229,-0.4517928399145603,0.35,0.61,0.8,0.85
111,10000,0.5,1.0,2,250,ones,1,0.0,5000.0,,9.213905028798233e-67,0.7885259222984314,-0.45597611367702484,0.38,0.53,0.76,0.88
225,1000,0.5,0.5,2,250,random_uniform,3,0.25,368.14794921875,-0.025177831282509805,1.1585130821600558e-67,0.7925099563598633,-0.45298807322978973,0.28,0.54,0.8,0.86
250,1000,0.5,0.5,2,250,ones,15,0.1,500.0,,2.3082385956494886e-73,0.8163346886634827,-0.45338647812604904,0.29,0.53,0.8,0.9
114,10000,0.5,0.75,2,250,random_uniform,1,0.1,3712.2021484375,0.018944057865831157,1.6643356301827737e-77,0.8321912336349487,-0.4711952395737171,0.45,0.64,0.88,0.9
264,1000,0.5,1.0,2,250,random_uniform,50,0.0,375.3082580566406,0.05364259116453584,2.3345785072699215e-80,0.842430305480957,-0.4754581805318594,0.51,0.65,0.88,0.94
284,5000,0.5,1.0,2,250,random_uniform,1,0.1,1879.588134765625,-0.022738674295722162,1.0280854224957603e-82,0.8504781436920166,-0.4767330829054117,0.51,0.71,0.89,0.94
93,5000,0.5,0.75,2,250,random_uniform,50,0.0,1862.797607421875,0.025090852871505854,2.113566511945994e-86,0.8623506546020507,-0.4734263103455305,0.53,0.7,0.86,0.95
226,1000,0.5,0.5,2,250,ones,3,0.25,500.0,,1.1933901414095802e-87,0.8661753273010254,-0.4823506139218807,0.55,0.74,0.91,0.94
239,1000,0.5,1.0,2,250,ones,15,0.0,500.0,,3.8863839480766865e-97,0.8921912336349487,-0.4871314838528633,0.72,0.83,0.94,0.97
215,1000,0.5,0.75,2,250,ones,3,0.1,500.0,,4.7924564801640166e-107,0.9141434550285339,-0.48936255648732185,0.74,0.84,0.95,0.96
94,5000,0.5,0.75,2,250,ones,50,0.0,2500.0,,1.4733977320099454e-113,0.9260956764221191,-0.4919123584404588,0.76,0.9,0.96,0.97
2,1000,0.5,0.75,2,250,random_uniform,1,0.25,375.44708251953125,-0.012262012488552127,9.068065498715011e-115,0.9281274890899658,-0.4952988112345338,0.81,0.9,0.96,0.99
18,5000,0.5,0.5,2,250,random_uniform,1,0.25,1891.2447509765625,-0.025914553116731756,3.632473904320926e-124,0.9421115827560425,-0.49358566384762526,0.8,0.91,0.97,0.98
265,1000,0.5,1.0,2,250,ones,50,0.0,500.0,,3.632473904320926e-124,0.9421115827560425,-0.4967330736108124,0.86,0.94,0.97,1.0
199,10000,0.5,0.75,2,250,random_uniform,50,0.0,3744.787841796875,0.0032764135143051377,2.7616142920007054e-134,0.9541434550285339,-0.49768924713134766,0.87,0.95,0.99,1.0
104,10000,0.5,1.0,2,250,random_uniform,1,0.1,3753.647216796875,-0.0022485015197013943,2.632680913594852e-140,0.960079710483551,-0.4977290874812752,0.86,0.95,0.98,1.0
58,5000,0.5,1.0,2,250,random_uniform,15,0.0,1873.6395263671875,0.034006749503355346,2.1209890118515833e-147,0.9660956764221191,-0.49752988456748426,0.89,0.96,0.99,0.99
1,1000,0.5,1.0,2,250,ones,1,0.1,500.0,,7.899673674320541e-153,0.970079710483551,-0.49844621773809195,0.92,0.95,0.99,1.0
69,5000,0.5,0.5,2,250,random_uniform,15,0.1,1869.7196044921875,-0.004720917073886303,4.917648684696603e-159,0.9740637445449829,-0.4988844639156014,0.93,0.95,0.99,1.0
157,1000,0.5,1.0,2,250,random_uniform,3,0.1,363.4073486328125,0.01332552005962968,2.810343964896448e-166,0.9780478382110596,-0.4983266955241561,0.93,0.96,0.99,0.99
125,10000,0.5,0.5,2,250,random_uniform,1,0.25,3762.59423828125,0.018993642142327797,1.70057034566539e-170,0.980079710483551,-0.4996414345514495,0.98,0.98,1.0,1.0
8,5000,0.5,0.75,2,250,ones,1,0.1,2500.0,,1.70057034566539e-170,0.980079710483551,-0.4994422328309156,0.95,0.98,1.0,1.0
33,5000,0.5,0.75,2,250,random_uniform,3,0.1,1891.077392578125,-0.009189069794597575,5.638564374417376e-175,0.9820319318771362,-0.49932271061697975,0.95,0.99,1.0,1.0
200,10000,0.5,0.75,2,250,ones,50,0.0,5000.0,,1.1109034718736501e-192,0.9880478382110596,-0.49960159600595944,0.93,0.99,1.0,1.0
165,10000,0.5,1.0,2,250,ones,15,0.0,5000.0,,2.0000000000001775e-200,0.99,-0.4900398412719369,0.99,0.99,0.99,0.99
163,10000,0.5,1.0,2,250,ones,15,0.5,5000.0,,2.0000000000001775e-200,0.99,-0.4900398412719369,0.99,0.99,0.99,0.99
113,1000,0.5,0.5,2,250,random_uniform,1,0.5,375.9353332519531,-0.031553076260103265,2.0000000000001775e-200,0.99,-0.4991235065390356,0.99,0.99,0.99,1.0
162,10000,0.5,1.0,2,250,random_uniform,15,0.5,3736.463623046875,-0.0035527990922772303,2.0000000000001775e-200,0.99,-0.4900398412719369,0.99,0.99,0.99,0.99
178,10000,0.5,0.5,2,250,ones,15,0.25,5000.0,,2.0000000000001775e-200,0.99,-0.4900398412719369,0.99,0.99,0.99,0.99
161,10000,0.5,1.0,2,250,ones,15,0.25,5000.0,,2.0000000000001775e-200,0.99,-0.4900398412719369,0.99,0.99,0.99,0.99
166,10000,0.5,0.75,2,250,random_uniform,15,0.1,3731.731201171875,-0.011894734811160648,2.0000000000001775e-200,0.99,-0.4900398412719369,0.99,0.99,0.99,0.99
159,10000,0.5,1.0,2,250,ones,15,0.1,5000.0,,2.0000000000001775e-200,0.99,-0.4900398412719369,0.99,0.99,0.99,0.99
158,10000,0.5,1.0,2,250,random_uniform,15,0.1,3767.9853515625,0.007532827635646188,2.0000000000001775e-200,0.99,-0.4900398412719369,0.99,0.99,0.99,0.99
160,10000,0.5,1.0,2,250,random_uniform,15,0.25,3717.13330078125,0.01243162149222392,2.0000000000001775e-200,0.99,-0.4900398412719369,0.99,0.99,0.99,0.99
164,10000,0.5,1.0,2,250,random_uniform,15,0.0,3735.796142578125,-0.0006484858816032186,2.0000000000001775e-200,0.99,-0.4900398412719369,0.99,0.99,0.99,0.99
167,10000,0.5,0.75,2,250,ones,15,0.1,5000.0,,2.0000000000001775e-200,0.99,-0.4900398412719369,0.99,0.99,0.99,0.99
171,10000,0.5,0.75,2,250,random_uniform,15,0.5,3770.97900390625,0.017455704718264207,2.0000000000001775e-200,0.99,-0.4900398412719369,0.99,0.99,0.99,0.99
175,10000,0.5,0.5,2,250,random_uniform,15,0.1,3742.455322265625,-0.028881625619563814,2.0000000000001775e-200,0.99,-0.4900398412719369,0.99,0.99,0.99,0.99
180,10000,0.5,0.5,2,250,random_uniform,15,0.5,3747.517822265625,0.002084100924353373,2.0000000000001775e-200,0.99,-0.4900398412719369,0.99,0.99,0.99,0.99
181,10000,0.5,0.5,2,250,ones,15,0.5,5000.0,,2.0000000000001775e-200,0.99,-0.4900398412719369,0.99,0.99,0.99,0.99
172,10000,0.5,0.75,2,250,ones,15,0.5,5000.0,,2.0000000000001775e-200,0.99,-0.4900398412719369,0.99,0.99,0.99,0.99
177,10000,0.5,0.5,2,250,random_uniform,15,0.25,3763.44580078125,-0.01867618481632025,2.0000000000001775e-200,0.99,-0.4900398412719369,0.99,0.99,0.99,0.99
170,10000,0.5,0.75,2,250,ones,15,0.25,5000.0,,2.0000000000001775e-200,0.99,-0.4900398412719369,0.99,0.99,0.99,0.99
169,10000,0.5,0.75,2,250,random_uniform,15,0.25,3749.472900390625,0.01891077332659264,2.0000000000001775e-200,0.99,-0.4900398412719369,0.99,0.99,0.99,0.99
176,10000,0.5,0.5,2,250,ones,15,0.1,5000.0,,2.0000000000001775e-200,0.99,-0.4900398412719369,0.99,0.99,0.99,0.99
112,1000,0.5,1.0,2,250,random_uniform,1,0.25,364.42413330078125,0.0798725542484562,2.7310763292363086e-210,0.9920319318771362,-0.49984063864394557,0.97,1.0,1.0,1.0
70,5000,0.5,0.5,2,250,ones,15,0.1,2500.0,,2.1544393453090325e-240,0.9960159659385681,-0.4999601596609864,0.99,1.0,1.0,1.0
44,5000,0.5,0.5,2,250,random_uniform,3,0.25,1854.4178466796875,0.011329275277028907,2.1544393453090325e-240,0.9960159659385681,-0.4999601596609864,0.99,1.0,1.0,1.0
198,10000,0.5,0.75,2,250,ones,50,0.5,5000.0,,0.0,1.0,-0.5,1.0,1.0,1.0,1.0
196,10000,0.5,0.75,2,250,ones,50,0.25,5000.0,,0.0,1.0,-0.5,1.0,1.0,1.0,1.0
197,10000,0.5,0.75,2,250,random_uniform,50,0.5,3758.189697265625,-0.0009634309903617162,0.0,1.0,-0.5,1.0,1.0,1.0,1.0
275,1000,0.5,0.5,2,250,random_uniform,50,0.1,362.1692810058594,0.01570848318996632,0.0,1.0,-0.5,1.0,1.0,1.0,1.0
276,1000,0.5,0.5,2,250,ones,50,0.1,500.0,,0.0,1.0,-0.5,1.0,1.0,1.0,1.0
278,1000,0.5,0.5,2,250,random_uniform,50,0.25,365.8045654296875,-0.006835953403683839,0.0,1.0,-0.5,1.0,1.0,1.0,1.0
279,1000,0.5,0.5,2,250,ones,50,0.25,500.0,,0.0,1.0,-0.5,1.0,1.0,1.0,1.0
189,10000,0.5,1.0,2,250,ones,50,0.5,5000.0,,0.0,1.0,-0.5,1.0,1.0,1.0,1.0
280,1000,0.5,0.5,2,250,random_uniform,50,0.5,375.3202209472656,-0.006694877971114967,0.0,1.0,-0.5,1.0,1.0,1.0,1.0
195,10000,0.5,0.75,2,250,random_uniform,50,0.25,3741.50634765625,0.012832258008857749,0.0,1.0,-0.5,1.0,1.0,1.0,1.0
194,10000,0.5,0.75,2,250,ones,50,0.1,5000.0,,0.0,1.0,-0.5,1.0,1.0,1.0,1.0
193,10000,0.5,0.75,2,250,random_uniform,50,0.1,3735.197021484375,0.003457928204407382,0.0,1.0,-0.5,1.0,1.0,1.0,1.0
192,10000,0.5,1.0,2,250,ones,50,0.0,5000.0,,0.0,1.0,-0.5,1.0,1.0,1.0,1.0
190,1000,0.5,1.0,2,250,ones,3,0.25,500.0,,0.0,1.0,-0.5,1.0,1.0,1.0,1.0
281,1000,0.5,0.5,2,250,ones,50,0.5,500.0,,0.0,1.0,-0.5,1.0,1.0,1.0,1.0
285,5000,0.5,1.0,2,250,ones,1,0.1,2500.0,,0.0,1.0,-0.5,1.0,1.0,1.0,1.0
286,5000,0.5,1.0,2,250,random_uniform,1,0.25,1898.705078125,0.01457132230239041,0.0,1.0,-0.5,1.0,1.0,1.0,1.0
191,10000,0.5,1.0,2,250,random_uniform,50,0.0,3763.258544921875,-0.009867530021907147,0.0,1.0,-0.5,1.0,1.0,1.0,1.0
205,10000,0.5,0.5,2,250,ones,50,0.25,5000.0,,0.0,1.0,-0.5,1.0,1.0,1.0,1.0
201,1000,0.5,1.0,2,250,random_uniform,3,0.5,370.7740173339844,0.03431896483904885,0.0,1.0,-0.5,1.0,1.0,1.0,1.0
187,10000,0.5,1.0,2,250,ones,50,0.25,5000.0,,0.0,1.0,-0.5,1.0,1.0,1.0,1.0
219,1000,0.5,0.75,2,250,ones,3,0.5,500.0,,0.0,1.0,-0.5,1.0,1.0,1.0,1.0
253,1000,0.5,0.5,2,250,random_uniform,15,0.5,376.8375244140625,0.0073116354014056495,0.0,1.0,-0.5,1.0,1.0,1.0,1.0
222,1000,0.5,1.0,2,250,random_uniform,1,0.5,380.3637390136719,-0.0011977863192148344,0.0,1.0,-0.5,1.0,1.0,1.0,1.0
252,1000,0.5,0.5,2,250,ones,15,0.25,500.0,,0.0,1.0,-0.5,1.0,1.0,1.0,1.0
251,1000,0.5,0.5,2,250,random_uniform,15,0.25,378.9090881347656,-0.055536449982764774,0.0,1.0,-0.5,1.0,1.0,1.0,1.0
246,1000,0.5,0.75,2,250,ones,15,0.5,500.0,,0.0,1.0,-0.5,1.0,1.0,1.0,1.0
245,1000,0.5,0.75,2,250,random_uniform,15,0.5,384.99932861328125,0.10404474241562606,0.0,1.0,-0.5,1.0,1.0,1.0,1.0
227,1000,0.5,0.5,2,250,random_uniform,3,0.5,378.7790832519531,-0.06884247764412614,0.0,1.0,-0.5,1.0,1.0,1.0,1.0
228,1000,0.5,0.5,2,250,ones,3,0.5,500.0,,0.0,1.0,-0.5,1.0,1.0,1.0,1.0
243,1000,0.5,0.75,2,250,ones,15,0.25,500.0,,0.0,1.0,-0.5,1.0,1.0,1.0,1.0
202,10000,0.5,0.5,2,250,random_uniform,50,0.1,3772.91845703125,0.010849745059266676,0.0,1.0,-0.5,1.0,1.0,1.0,1.0
242,1000,0.5,0.75,2,250,random_uniform,15,0.25,372.1352233886719,-0.045605760517147625,0.0,1.0,-0.5,1.0,1.0,1.0,1.0
241,1000,0.5,0.75,2,250,ones,15,0.1,500.0,,0.0,1.0,-0.5,1.0,1.0,1.0,1.0
231,1000,0.5,1.0,2,250,random_uniform,15,0.1,380.80133056640625,-0.08458610365742865,0.0,1.0,-0.5,1.0,1.0,1.0,1.0
232,1000,0.5,1.0,2,250,ones,15,0.1,500.0,,0.0,1.0,-0.5,1.0,1.0,1.0,1.0
233,1000,0.5,1.0,2,250,ones,1,0.5,500.0,,0.0,1.0,-0.5,1.0,1.0,1.0,1.0
234,1000,0.5,1.0,2,250,random_uniform,15,0.25,372.9140625,0.08714609549793403,0.0,1.0,-0.5,1.0,1.0,1.0,1.0
235,1000,0.5,1.0,2,250,ones,15,0.25,500.0,,0.0,1.0,-0.5,1.0,1.0,1.0,1.0
236,1000,0.5,1.0,2,250,random_uniform,15,0.5,387.8254699707031,-0.027040144717097266,0.0,1.0,-0.5,1.0,1.0,1.0,1.0
237,1000,0.5,1.0,2,250,ones,15,0.5,500.0,,0.0,1.0,-0.5,1.0,1.0,1.0,1.0
218,1000,0.5,0.75,2,250,random_uniform,3,0.5,369.77239990234375,0.005842080985305819,0.0,1.0,-0.5,1.0,1.0,1.0,1.0
254,1000,0.5,0.5,2,250,ones,15,0.5,500.0,,0.0,1.0,-0.5,1.0,1.0,1.0,1.0
258,1000,0.5,1.0,2,250,random_uniform,50,0.1,369.6461486816406,0.01293833020475409,0.0,1.0,-0.5,1.0,1.0,1.0,1.0
259,1000,0.5,1.0,2,250,ones,50,0.1,500.0,,0.0,1.0,-0.5,1.0,1.0,1.0,1.0
272,1000,0.5,0.75,2,250,ones,50,0.5,500.0,,0.0,1.0,-0.5,1.0,1.0,1.0,1.0
203,10000,0.5,0.5,2,250,ones,50,0.1,5000.0,,0.0,1.0,-0.5,1.0,1.0,1.0,1.0
204,10000,0.5,0.5,2,250,random_uniform,50,0.25,3748.14794921875,0.0068331598294571775,0.0,1.0,-0.5,1.0,1.0,1.0,1.0
271,1000,0.5,0.75,2,250,random_uniform,50,0.5,371.5298156738281,0.032853633289669774,0.0,1.0,-0.5,1.0,1.0,1.0,1.0
240,1000,0.5,0.75,2,250,random_uniform,15,0.1,365.84661865234375,-0.018334166517692957,0.0,1.0,-0.5,1.0,1.0,1.0,1.0
206,10000,0.5,0.5,2,250,random_uniform,50,0.5,3763.94873046875,-0.010747324616675867,0.0,1.0,-0.5,1.0,1.0,1.0,1.0
207,10000,0.5,0.5,2,250,ones,50,0.5,5000.0,,0.0,1.0,-0.5,1.0,1.0,1.0,1.0
270,1000,0.5,0.75,2,250,ones,50,0.25,500.0,,0.0,1.0,-0.5,1.0,1.0,1.0,1.0
269,1000,0.5,0.75,2,250,random_uniform,50,0.25,377.7550048828125,-0.04249688008704819,0.0,1.0,-0.5,1.0,1.0,1.0,1.0
268,1000,0.5,0.75,2,250,ones,50,0.1,500.0,,0.0,1.0,-0.5,1.0,1.0,1.0,1.0
210,1000,0.5,1.0,2,250,ones,3,0.5,500.0,,0.0,1.0,-0.5,1.0,1.0,1.0,1.0
211,1000,0.5,1.0,2,250,ones,1,0.25,500.0,,0.0,1.0,-0.5,1.0,1.0,1.0,1.0
267,1000,0.5,0.75,2,250,random_uniform,50,0.1,370.72943115234375,0.029630105113838564,0.0,1.0,-0.5,1.0,1.0,1.0,1.0
263,1000,0.5,1.0,2,250,ones,50,0.5,500.0,,0.0,1.0,-0.5,1.0,1.0,1.0,1.0
262,1000,0.5,1.0,2,250,random_uniform,50,0.5,386.56683349609375,0.08626234419818089,0.0,1.0,-0.5,1.0,1.0,1.0,1.0
261,1000,0.5,1.0,2,250,ones,50,0.25,500.0,,0.0,1.0,-0.5,1.0,1.0,1.0,1.0
260,1000,0.5,1.0,2,250,random_uniform,50,0.25,357.56842041015625,-0.026106740745952466,0.0,1.0,-0.5,1.0,1.0,1.0,1.0
216,1000,0.5,0.75,2,250,random_uniform,3,0.25,375.1310729980469,-0.0241794471847017,0.0,1.0,-0.5,1.0,1.0,1.0,1.0
217,1000,0.5,0.75,2,250,ones,3,0.25,500.0,,0.0,1.0,-0.5,1.0,1.0,1.0,1.0
188,10000,0.5,1.0,2,250,random_uniform,50,0.5,3757.15380859375,-0.005424549188283665,0.0,1.0,-0.5,1.0,1.0,1.0,1.0
144,10000,0.5,0.75,2,250,random_uniform,3,0.5,3767.61767578125,0.0025117757606361057,0.0,1.0,-0.5,1.0,1.0,1.0,1.0
186,10000,0.5,1.0,2,250,random_uniform,50,0.25,3766.40625,-0.007951812196493883,0.0,1.0,-0.5,1.0,1.0,1.0,1.0
61,5000,0.5,0.75,2,250,ones,15,0.1,2500.0,,0.0,1.0,-0.5,1.0,1.0,1.0,1.0
47,5000,0.5,0.5,2,250,random_uniform,3,0.5,1881.6922607421875,0.03853889530181481,0.0,1.0,-0.5,1.0,1.0,1.0,1.0
48,5000,0.5,0.5,2,250,ones,3,0.5,2500.0,,0.0,1.0,-0.5,1.0,1.0,1.0,1.0
51,5000,0.5,1.0,2,250,random_uniform,15,0.1,1894.1375732421875,0.04798252452557806,0.0,1.0,-0.5,1.0,1.0,1.0,1.0
52,5000,0.5,1.0,2,250,ones,15,0.1,2500.0,,0.0,1.0,-0.5,1.0,1.0,1.0,1.0
53,5000,0.5,1.0,2,250,random_uniform,15,0.25,1868.1898193359375,-7.361076252656234e-05,0.0,1.0,-0.5,1.0,1.0,1.0,1.0
54,5000,0.5,1.0,2,250,ones,15,0.25,2500.0,,0.0,1.0,-0.5,1.0,1.0,1.0,1.0
55,5000,0.5,1.0,2,250,random_uniform,15,0.5,1899.7955322265625,0.011441449451260495,0.0,1.0,-0.5,1.0,1.0,1.0,1.0
56,5000,0.5,1.0,2,250,ones,15,0.5,2500.0,,0.0,1.0,-0.5,1.0,1.0,1.0,1.0
59,5000,0.5,1.0,2,250,ones,15,0.0,2500.0,,0.0,1.0,-0.5,1.0,1.0,1.0,1.0
60,5000,0.5,0.75,2,250,random_uniform,15,0.1,1877.2877197265625,-0.014905484698180097,0.0,1.0,-0.5,1.0,1.0,1.0,1.0
62,5000,0.5,0.75,2,250,random_uniform,15,0.25,1888.0560302734375,-0.006668464936841918,0.0,1.0,-0.5,1.0,1.0,1.0,1.0
185,10000,0.5,1.0,2,250,ones,50,0.1,5000.0,,0.0,1.0,-0.5,1.0,1.0,1.0,1.0
63,5000,0.5,0.75,2,250,ones,15,0.25,2500.0,,0.0,1.0,-0.5,1.0,1.0,1.0,1.0
64,5000,0.5,0.75,2,250,random_uniform,15,0.5,1858.66748046875,0.013083703854749789,0.0,1.0,-0.5,1.0,1.0,1.0,1.0
65,5000,0.5,0.75,2,250,ones,15,0.5,2500.0,,0.0,1.0,-0.5,1.0,1.0,1.0,1.0
71,5000,0.5,0.5,2,250,random_uniform,15,0.25,1868.226318359375,0.006573802582147136,0.0,1.0,-0.5,1.0,1.0,1.0,1.0
72,5000,0.5,0.5,2,250,ones,15,0.25,2500.0,,0.0,1.0,-0.5,1.0,1.0,1.0,1.0
73,5000,0.5,0.5,2,250,random_uniform,15,0.5,1852.43359375,-0.044105704164746184,0.0,1.0,-0.5,1.0,1.0,1.0,1.0
74,5000,0.5,0.5,2,250,ones,15,0.5,2500.0,,0.0,1.0,-0.5,1.0,1.0,1.0,1.0
77,5000,0.5,1.0,2,250,random_uniform,50,0.1,1867.6732177734375,-0.034358579953755866,0.0,1.0,-0.5,1.0,1.0,1.0,1.0
78,5000,0.5,1.0,2,250,ones,50,0.1,2500.0,,0.0,1.0,-0.5,1.0,1.0,1.0,1.0
80,5000,0.5,1.0,2,250,random_uniform,50,0.25,1896.68310546875,-0.0006231739792780379,0.0,1.0,-0.5,1.0,1.0,1.0,1.0
45,5000,0.5,0.5,2,250,ones,3,0.25,2500.0,,0.0,1.0,-0.5,1.0,1.0,1.0,1.0
39,5000,0.5,0.75,2,250,ones,3,0.5,2500.0,,0.0,1.0,-0.5,1.0,1.0,1.0,1.0
38,5000,0.5,0.75,2,250,random_uniform,3,0.5,1879.7957763671875,-0.014205400950922186,0.0,1.0,-0.5,1.0,1.0,1.0,1.0
37,5000,0.5,0.75,2,250,ones,3,0.25,2500.0,,0.0,1.0,-0.5,1.0,1.0,1.0,1.0
3,5000,0.5,1.0,2,250,random_uniform,1,0.5,1882.4825439453125,0.03615177276720191,0.0,1.0,-0.5,1.0,1.0,1.0,1.0
4,5000,0.5,1.0,2,250,ones,1,0.5,2500.0,,0.0,1.0,-0.5,1.0,1.0,1.0,1.0
9,5000,0.5,0.75,2,250,random_uniform,1,0.25,1877.8992919921875,0.009478896764101812,0.0,1.0,-0.5,1.0,1.0,1.0,1.0
10,5000,0.5,0.75,2,250,ones,1,0.25,2500.0,,0.0,1.0,-0.5,1.0,1.0,1.0,1.0
11,5000,0.5,0.75,2,250,random_uniform,1,0.5,1876.4288330078125,0.00014760128491830152,0.0,1.0,-0.5,1.0,1.0,1.0,1.0
12,5000,0.5,0.75,2,250,ones,1,0.5,2500.0,,0.0,1.0,-0.5,1.0,1.0,1.0,1.0
13,1000,0.5,0.75,2,250,ones,1,0.25,500.0,,0.0,1.0,-0.5,1.0,1.0,1.0,1.0
19,5000,0.5,0.5,2,250,ones,1,0.25,2500.0,,0.0,1.0,-0.5,1.0,1.0,1.0,1.0
20,5000,0.5,0.5,2,250,random_uniform,1,0.5,1885.4268798828125,-0.018744902368178978,0.0,1.0,-0.5,1.0,1.0,1.0,1.0
21,5000,0.5,0.5,2,250,ones,1,0.5,2500.0,,0.0,1.0,-0.5,1.0,1.0,1.0,1.0
24,1000,0.5,0.75,2,250,random_uniform,1,0.5,361.2467041015625,-0.030430661528630554,0.0,1.0,-0.5,1.0,1.0,1.0,1.0
25,5000,0.5,1.0,2,250,random_uniform,3,0.1,1868.3111572265625,0.0013228550885940574,0.0,1.0,-0.5,1.0,1.0,1.0,1.0
26,5000,0.5,1.0,2,250,ones,3,0.1,2500.0,,0.0,1.0,-0.5,1.0,1.0,1.0,1.0
27,5000,0.5,1.0,2,250,random_uniform,3,0.25,1864.2911376953125,0.007706148023814216,0.0,1.0,-0.5,1.0,1.0,1.0,1.0
28,5000,0.5,1.0,2,250,ones,3,0.25,2500.0,,0.0,1.0,-0.5,1.0,1.0,1.0,1.0
29,5000,0.5,1.0,2,250,random_uniform,3,0.5,1880.4193115234375,0.014247843053596427,0.0,1.0,-0.5,1.0,1.0,1.0,1.0
30,5000,0.5,1.0,2,250,ones,3,0.5,2500.0,,0.0,1.0,-0.5,1.0,1.0,1.0,1.0
32,5000,0.5,1.0,2,250,ones,3,0.0,2500.0,,0.0,1.0,-0.5,1.0,1.0,1.0,1.0
34,5000,0.5,0.75,2,250,ones,3,0.1,2500.0,,0.0,1.0,-0.5,1.0,1.0,1.0,1.0
35,1000,0.5,0.75,2,250,ones,1,0.5,500.0,,0.0,1.0,-0.5,1.0,1.0,1.0,1.0
36,5000,0.5,0.75,2,250,random_uniform,3,0.25,1906.41455078125,-0.0023436990641470517,0.0,1.0,-0.5,1.0,1.0,1.0,1.0
81,5000,0.5,1.0,2,250,ones,50,0.25,2500.0,,0.0,1.0,-0.5,1.0,1.0,1.0,1.0
82,5000,0.5,1.0,2,250,random_uniform,50,0.5,1889.790771484375,0.03680900979025465,0.0,1.0,-0.5,1.0,1.0,1.0,1.0
83,5000,0.5,1.0,2,250,ones,50,0.5,2500.0,,0.0,1.0,-0.5,1.0,1.0,1.0,1.0
124,1000,0.5,0.5,2,250,ones,1,0.5,500.0,,0.0,1.0,-0.5,1.0,1.0,1.0,1.0
127,10000,0.5,0.5,2,250,random_uniform,1,0.5,3779.0234375,-0.01592070696592927,0.0,1.0,-0.5,1.0,1.0,1.0,1.0
128,10000,0.5,0.5,2,250,ones,1,0.5,5000.0,,0.0,1.0,-0.5,1.0,1.0,1.0,1.0
131,10000,0.5,1.0,2,250,random_uniform,3,0.1,3716.572021484375,0.021579583449875477,0.0,1.0,-0.5,1.0,1.0,1.0,1.0
132,10000,0.5,1.0,2,250,ones,3,0.1,5000.0,,0.0,1.0,-0.5,1.0,1.0,1.0,1.0
133,10000,0.5,1.0,2,250,random_uniform,3,0.25,3706.46728515625,-0.010122906891979207,0.0,1.0,-0.5,1.0,1.0,1.0,1.0
134,10000,0.5,1.0,2,250,ones,3,0.25,5000.0,,0.0,1.0,-0.5,1.0,1.0,1.0,1.0
136,10000,0.5,1.0,2,250,random_uniform,3,0.5,3718.3447265625,-0.007780701981671864,0.0,1.0,-0.5,1.0,1.0,1.0,1.0
137,10000,0.5,1.0,2,250,ones,3,0.5,5000.0,,0.0,1.0,-0.5,1.0,1.0,1.0,1.0
139,10000,0.5,1.0,2,250,ones,3,0.0,5000.0,,0.0,1.0,-0.5,1.0,1.0,1.0,1.0
140,10000,0.5,0.75,2,250,random_uniform,3,0.1,3748.726806640625,0.0038345704187173466,0.0,1.0,-0.5,1.0,1.0,1.0,1.0
141,10000,0.5,0.75,2,250,ones,3,0.1,5000.0,,0.0,1.0,-0.5,1.0,1.0,1.0,1.0
142,10000,0.5,0.75,2,250,random_uniform,3,0.25,3731.644775390625,0.0029704358244539287,0.0,1.0,-0.5,1.0,1.0,1.0,1.0
143,10000,0.5,0.75,2,250,ones,3,0.25,5000.0,,0.0,1.0,-0.5,1.0,1.0,1.0,1.0
145,10000,0.5,0.75,2,250,ones,3,0.5,5000.0,,0.0,1.0,-0.5,1.0,1.0,1.0,1.0
151,10000,0.5,0.5,2,250,random_uniform,3,0.25,3742.851806640625,-0.012630042903704649,0.0,1.0,-0.5,1.0,1.0,1.0,1.0
152,10000,0.5,0.5,2,250,ones,3,0.25,5000.0,,0.0,1.0,-0.5,1.0,1.0,1.0,1.0
153,10000,0.5,0.5,2,250,random_uniform,3,0.5,3736.022216796875,-0.013892038199364305,0.0,1.0,-0.5,1.0,1.0,1.0,1.0
154,10000,0.5,0.5,2,250,ones,3,0.5,5000.0,,0.0,1.0,-0.5,1.0,1.0,1.0,1.0
168,1000,0.5,1.0,2,250,ones,3,0.1,500.0,,0.0,1.0,-0.5,1.0,1.0,1.0,1.0
179,1000,0.5,1.0,2,250,random_uniform,3,0.25,371.77740478515625,0.014006161396510298,0.0,1.0,-0.5,1.0,1.0,1.0,1.0
184,10000,0.5,1.0,2,250,random_uniform,50,0.1,3739.4365234375,0.02005866437499301,0.0,1.0,-0.5,1.0,1.0,1.0,1.0
126,10000,0.5,0.5,2,250,ones,1,0.25,5000.0,,0.0,1.0,-0.5,1.0,1.0,1.0,1.0
119,10000,0.5,0.75,2,250,ones,1,0.5,5000.0,,0.0,1.0,-0.5,1.0,1.0,1.0,1.0
84,5000,0.5,1.0,2,250,random_uniform,50,0.0,1887.340576171875,-0.02001001389258434,0.0,1.0,-0.5,1.0,1.0,1.0,1.0
118,10000,0.5,0.75,2,250,random_uniform,1,0.5,3760.088623046875,-0.00568795990374508,0.0,1.0,-0.5,1.0,1.0,1.0,1.0
85,5000,0.5,1.0,2,250,ones,50,0.0,2500.0,,0.0,1.0,-0.5,1.0,1.0,1.0,1.0
86,5000,0.5,0.75,2,250,random_uniform,50,0.1,1880.041748046875,-0.026233450258981897,0.0,1.0,-0.5,1.0,1.0,1.0,1.0
87,5000,0.5,0.75,2,250,ones,50,0.1,2500.0,,0.0,1.0,-0.5,1.0,1.0,1.0,1.0
88,5000,0.5,0.75,2,250,random_uniform,50,0.25,1890.6728515625,-0.012025900125660864,0.0,1.0,-0.5,1.0,1.0,1.0,1.0
89,5000,0.5,0.75,2,250,ones,50,0.25,2500.0,,0.0,1.0,-0.5,1.0,1.0,1.0,1.0
91,5000,0.5,0.75,2,250,random_uniform,50,0.5,1865.8123779296875,-0.0038067462627442345,0.0,1.0,-0.5,1.0,1.0,1.0,1.0
92,5000,0.5,0.75,2,250,ones,50,0.5,2500.0,,0.0,1.0,-0.5,1.0,1.0,1.0,1.0
95,5000,0.5,0.5,2,250,random_uniform,50,0.1,1850.092041015625,-0.0006446350809056106,0.0,1.0,-0.5,1.0,1.0,1.0,1.0
96,5000,0.5,0.5,2,250,ones,50,0.1,2500.0,,0.0,1.0,-0.5,1.0,1.0,1.0,1.0
97,5000,0.5,0.5,2,250,random_uniform,50,0.25,1868.1444091796875,0.0037990014521296855,0.0,1.0,-0.5,1.0,1.0,1.0,1.0
98,5000,0.5,0.5,2,250,ones,50,0.25,2500.0,,0.0,1.0,-0.5,1.0,1.0,1.0,1.0
99,5000,0.5,0.5,2,250,random_uniform,50,0.5,1856.2808837890625,-0.0009284644655803847,0.0,1.0,-0.5,1.0,1.0,1.0,1.0
100,5000,0.5,0.5,2,250,ones,50,0.5,2500.0,,0.0,1.0,-0.5,1.0,1.0,1.0,1.0
105,10000,0.5,1.0,2,250,ones,1,0.1,5000.0,,0.0,1.0,-0.5,1.0,1.0,1.0,1.0
106,10000,0.5,1.0,2,250,random_uniform,1,0.25,3773.8583984375,-0.02076201384863823,0.0,1.0,-0.5,1.0,1.0,1.0,1.0
107,10000,0.5,1.0,2,250,ones,1,0.25,5000.0,,0.0,1.0,-0.5,1.0,1.0,1.0,1.0
108,10000,0.5,1.0,2,250,random_uniform,1,0.5,3751.087646484375,0.019667026233482713,0.0,1.0,-0.5,1.0,1.0,1.0,1.0
109,10000,0.5,1.0,2,250,ones,1,0.5,5000.0,,0.0,1.0,-0.5,1.0,1.0,1.0,1.0
115,10000,0.5,0.75,2,250,ones,1,0.1,5000.0,,0.0,1.0,-0.5,1.0,1.0,1.0,1.0
116,10000,0.5,0.75,2,250,random_uniform,1,0.25,3727.088623046875,-0.020672509382804648,0.0,1.0,-0.5,1.0,1.0,1.0,1.0
117,10000,0.5,0.75,2,250,ones,1,0.25,5000.0,,0.0,1.0,-0.5,1.0,1.0,1.0,1.0
287,5000,0.5,1.0,2,250,ones,1,0.25,2500.0,,0.0,1.0,-0.5,1.0,1.0,1.0,1.0
