,alp,null,d,n,1,2,3,4,5,6,7,8,9,10,11,12,13,14,15,16,17,18,19,20,21,22,23,24,25,26,27,28,29,30,31,32,33,34,35,36,37,38,39,40,41,42,43,44,45,46,47,48,49,50,51,52,53,54,55,56,57,58,59,60,61,62,63,64,65,66,67,68,69,70,71,72,73,74,75,76,77,78,79,80,81,82,83,84,85,86,87,88,89,90,91,92,93,94,95,96,97,98,99,100,alp=0.01,alp=0.05,alp=0.1
0,0.0,True,1,1000,0.543885274601938,0.134936032098423,0.950128432882863,0.470728362362026,0.218806369536234,0.0285676443172777,0.7581222047541079,0.6974410876077021,0.0230861869822364,0.210287724508822,0.242286721118165,0.5896112885814749,0.563862745082082,0.0536492403581402,0.5439650290751961,0.38029134640997,0.911901241336265,0.0794653122017904,0.937457613264765,0.9123368357594609,0.583112407784912,0.573541474980886,0.302150130172457,0.939157709721905,0.111655918488564,0.627786345489885,0.29758089129518,0.8674930712041371,0.283335670383677,0.936710127483501,0.550247458976183,0.8925586531499201,0.14469943211890302,0.429488188128127,0.193152367033647,0.6641370320480839,0.0537452626391547,0.6720661559553189,0.19740579640510802,0.6736355577421961,0.43059599932393106,0.860709879086747,0.5052338623380399,0.17434904676803,0.9324852101214671,0.454270179190043,0.883913169067908,0.0854220115177689,0.651950871546133,0.8512732441774592,0.42232122870915795,0.494932042513599,0.52848196975743,0.466099898668146,0.10145578699680499,0.49236077455537497,0.41475387173284495,0.0977348118785696,0.023040385788461,0.790325932478542,0.3919469783933979,0.0557142931833774,0.298614225210906,0.192151337871827,0.7141942946170959,0.300662054166781,0.521148747847408,0.6177154116072839,0.45940667848038896,0.209464942828811,0.39015365914181,0.79126388787368,0.6185265314369209,0.27557717871211895,0.434046965649878,0.369291830487257,0.20266544512032103,0.377161445452905,0.3444921042729361,0.139941587726763,0.9626997647748929,0.6957648516653628,0.282950273969927,0.11842366334546199,0.85685696576391,0.6017853674020921,0.317288177775746,0.6253823737809521,0.480621626452551,0.0775966898354586,0.0549411093628642,0.9875068244354559,0.0013272985062845301,0.432581578269493,0.429540064691786,0.5502788367217479,0.6119014934134179,0.161666817935919,0.52959533423634,0.6705536426562769,0.12307637233358032,0.12307637233358032,0.12307637233358032
1,0.0,True,1,5000,0.233559213323351,0.5330101011068711,0.272140644263397,0.199499431805409,0.929356450170304,0.234853898051682,0.5898637933186078,0.806713219558357,0.364825867223094,0.5283338852477439,0.6170310981233821,0.7143936039744921,0.9240255791918759,0.9752767948716908,0.331196747422414,0.113597124834216,0.9392714995079922,0.298026093482847,0.657664945090059,0.987835774037831,0.5157644028449779,0.8947998859745521,0.22126188261585394,0.723256426441421,0.459680725900779,0.47474239586524797,0.54355829147083,0.48641444726326794,0.671596096857951,0.529105699584404,0.900695127844124,0.9671219259924291,0.8460812488939251,0.590590264559327,0.7908886332344308,0.143110963352452,0.287041892224526,0.8609455167879829,0.578192161709734,0.9209454801519049,0.752349331801807,0.21601743236829501,0.9827085977294041,0.295152063081437,0.5830415795944129,0.31955473219923397,0.8108101228197799,0.18157342508048102,0.448336217420182,0.377960827563714,0.36231658180112397,0.13019421741936898,0.0123839139663308,0.46522719585852296,0.24554978052545604,0.546442316385739,0.856654902039986,0.6640405346973449,0.37907431430552796,0.58261616036906,0.708522746543663,0.462275039271563,0.824594017089732,0.538855040449456,0.8091199181910709,0.28093669410532,0.8965714086493639,0.22367800275635197,0.29078533158721503,0.6761205209556529,0.50930303080384,0.13265139989626198,0.25871589304992804,0.884650036368023,0.0458784095319088,0.716837163201153,0.8455398772924809,0.7259531152715128,0.643359527343511,0.53414527101117,0.9229824904922621,0.32221800962317104,0.496943009158386,0.5640474344932139,0.24270469139544698,0.920066669686848,0.6989725598318721,0.25977682112636996,0.6754698966757199,0.0241038133507721,0.87724258059797,0.75916126215547,0.016459485955396,0.24699643428415102,0.257921812819205,0.954964762008034,0.6183009763047379,0.518603439892316,0.00127835090454886,0.5078666097696671,0.19666395358632607,0.19666395358632607,0.19666395358632607
2,0.0,True,1,10000,0.0260544350264232,0.5408744612339339,0.18386085559475301,0.0383095341807643,0.37640213796655103,0.9501858676068691,0.161369104823099,0.84972400475075,0.872753091423728,0.197885778789072,0.9363120093993929,0.76375638745256,0.368881516173959,0.8721462448461379,0.0270617896525765,0.252206594865949,0.634642655183364,0.48324242752748997,0.680228875607603,0.988016140307097,0.219916706158295,0.15619651656375197,0.9128792244435079,0.439013844022082,0.7261100372594359,0.950884867875662,0.361532476492628,0.7741716611532329,0.9985847391213392,0.427380229832218,0.861153157834483,0.680377943258773,0.682271056941942,0.0996990796485035,0.738382166494596,0.10676476910882801,0.8378893779913621,0.7384049951861801,0.41392258878789795,0.465033517781424,0.5701686432315389,0.0702372407154478,0.785428276111538,0.47724814340753796,0.989270539996183,0.48549086339704106,0.715838025406618,0.6016176188984929,0.29408329578718295,0.8970263142345101,0.9490193680363279,0.0127442856730299,0.0220175974867683,0.611478940469003,0.20109711680394898,0.8789884004595341,0.9693034298240691,0.9041953890747951,0.9807991893140601,0.867033707901048,0.8752599162752179,0.980381458308682,0.5926995708725649,0.7795340078708459,0.140133179731542,0.19025882783263698,0.854004371572634,0.7636761263344369,0.7437410790508059,0.534807144085832,0.9488269681355971,0.34750041224654,0.264526660257225,0.548762016895656,0.0400513164620591,0.953574400795196,0.8972000182859491,0.0893512328900991,0.86294819359414,0.538632268787104,0.711292464003889,0.7631668933929481,0.476948114119001,0.7041899892032321,0.9584804269367109,0.165766565734023,0.46245403155331,0.8990627165719959,0.9559395794646031,0.8817829428824221,0.6688723922531941,0.9122306730308699,0.0525537697085799,0.43228734151062503,0.323252138431589,0.40801179406086996,0.805091519509366,0.8151302288584809,0.180685953987572,0.9486617263933991,0.0025860978325487937,0.0025860978325487937,0.0025860978325487937
3,0.0,False,1,1000,0.543885274601938,0.134936032098423,0.950128432882863,0.470728362362026,0.218806369536234,0.0285676443172777,0.7581222047541079,0.6974410876077021,0.0230861869822364,0.210287724508822,0.242286721118165,0.5896112885814749,0.563862745082082,0.0536492403581402,0.5439650290751961,0.38029134640997,0.911901241336265,0.0794653122017904,0.937457613264765,0.9123368357594609,0.583112407784912,0.573541474980886,0.302150130172457,0.939157709721905,0.111655918488564,0.627786345489885,0.29758089129518,0.8674930712041371,0.283335670383677,0.936710127483501,0.550247458976183,0.8925586531499201,0.14469943211890302,0.429488188128127,0.193152367033647,0.6641370320480839,0.0537452626391547,0.6720661559553189,0.19740579640510802,0.6736355577421961,0.43059599932393106,0.860709879086747,0.5052338623380399,0.17434904676803,0.9324852101214671,0.454270179190043,0.883913169067908,0.0854220115177689,0.651950871546133,0.8512732441774592,0.42232122870915795,0.494932042513599,0.52848196975743,0.466099898668146,0.10145578699680499,0.49236077455537497,0.41475387173284495,0.0977348118785696,0.023040385788461,0.790325932478542,0.3919469783933979,0.0557142931833774,0.298614225210906,0.192151337871827,0.7141942946170959,0.300662054166781,0.521148747847408,0.6177154116072839,0.45940667848038896,0.209464942828811,0.39015365914181,0.79126388787368,0.6185265314369209,0.27557717871211895,0.434046965649878,0.369291830487257,0.20266544512032103,0.377161445452905,0.3444921042729361,0.139941587726763,0.9626997647748929,0.6957648516653628,0.282950273969927,0.11842366334546199,0.85685696576391,0.6017853674020921,0.317288177775746,0.6253823737809521,0.480621626452551,0.0775966898354586,0.0549411093628642,0.9875068244354559,0.0013272985062845301,0.432581578269493,0.429540064691786,0.5502788367217479,0.6119014934134179,0.161666817935919,0.52959533423634,0.6705536426562769,0.01,0.04,0.12
4,0.0,False,1,5000,0.233559213323351,0.5330101011068711,0.272140644263397,0.199499431805409,0.929356450170304,0.234853898051682,0.5898637933186078,0.806713219558357,0.364825867223094,0.5283338852477439,0.6170310981233821,0.7143936039744921,0.9240255791918759,0.9752767948716908,0.331196747422414,0.113597124834216,0.9392714995079922,0.298026093482847,0.657664945090059,0.987835774037831,0.5157644028449779,0.8947998859745521,0.22126188261585394,0.723256426441421,0.459680725900779,0.47474239586524797,0.54355829147083,0.48641444726326794,0.671596096857951,0.529105699584404,0.900695127844124,0.9671219259924291,0.8460812488939251,0.590590264559327,0.7908886332344308,0.143110963352452,0.287041892224526,0.8609455167879829,0.578192161709734,0.9209454801519049,0.752349331801807,0.21601743236829501,0.9827085977294041,0.295152063081437,0.5830415795944129,0.31955473219923397,0.8108101228197799,0.18157342508048102,0.448336217420182,0.377960827563714,0.36231658180112397,0.13019421741936898,0.0123839139663308,0.46522719585852296,0.24554978052545604,0.546442316385739,0.856654902039986,0.6640405346973449,0.37907431430552796,0.58261616036906,0.708522746543663,0.462275039271563,0.824594017089732,0.538855040449456,0.8091199181910709,0.28093669410532,0.8965714086493639,0.22367800275635197,0.29078533158721503,0.6761205209556529,0.50930303080384,0.13265139989626198,0.25871589304992804,0.884650036368023,0.0458784095319088,0.716837163201153,0.8455398772924809,0.7259531152715128,0.643359527343511,0.53414527101117,0.9229824904922621,0.32221800962317104,0.496943009158386,0.5640474344932139,0.24270469139544698,0.920066669686848,0.6989725598318721,0.25977682112636996,0.6754698966757199,0.0241038133507721,0.87724258059797,0.75916126215547,0.016459485955396,0.24699643428415102,0.257921812819205,0.954964762008034,0.6183009763047379,0.518603439892316,0.00127835090454886,0.5078666097696671,0.01,0.05,0.05
5,0.0,False,1,10000,0.0260544350264232,0.5408744612339339,0.18386085559475301,0.0383095341807643,0.37640213796655103,0.9501858676068691,0.161369104823099,0.84972400475075,0.872753091423728,0.197885778789072,0.9363120093993929,0.76375638745256,0.368881516173959,0.8721462448461379,0.0270617896525765,0.252206594865949,0.634642655183364,0.48324242752748997,0.680228875607603,0.988016140307097,0.219916706158295,0.15619651656375197,0.9128792244435079,0.439013844022082,0.7261100372594359,0.950884867875662,0.361532476492628,0.7741716611532329,0.9985847391213392,0.427380229832218,0.861153157834483,0.680377943258773,0.682271056941942,0.0996990796485035,0.738382166494596,0.10676476910882801,0.8378893779913621,0.7384049951861801,0.41392258878789795,0.465033517781424,0.5701686432315389,0.0702372407154478,0.785428276111538,0.47724814340753796,0.989270539996183,0.48549086339704106,0.715838025406618,0.6016176188984929,0.29408329578718295,0.8970263142345101,0.9490193680363279,0.0127442856730299,0.0220175974867683,0.611478940469003,0.20109711680394898,0.8789884004595341,0.9693034298240691,0.9041953890747951,0.9807991893140601,0.867033707901048,0.8752599162752179,0.980381458308682,0.5926995708725649,0.7795340078708459,0.140133179731542,0.19025882783263698,0.854004371572634,0.7636761263344369,0.7437410790508059,0.534807144085832,0.9488269681355971,0.34750041224654,0.264526660257225,0.548762016895656,0.0400513164620591,0.953574400795196,0.8972000182859491,0.0893512328900991,0.86294819359414,0.538632268787104,0.711292464003889,0.7631668933929481,0.476948114119001,0.7041899892032321,0.9584804269367109,0.165766565734023,0.46245403155331,0.8990627165719959,0.9559395794646031,0.8817829428824221,0.6688723922531941,0.9122306730308699,0.0525537697085799,0.43228734151062503,0.323252138431589,0.40801179406086996,0.805091519509366,0.8151302288584809,0.180685953987572,0.9486617263933991,0.0,0.06,0.1
6,0.02,True,1,1000,0.544693817209234,0.13520674317427697,0.9500243691172808,0.470614832139252,0.219979521379577,0.0285198464522807,0.758570727672152,0.698239011251472,0.0230840706203406,0.21140562379292302,0.24352027569645698,0.589565742455222,0.5638487961612321,0.0539519945481058,0.54396028397869,0.38023502949487703,0.9120341009123041,0.0794643232410163,0.9374532335911259,0.9124409930809091,0.583305351969643,0.5740329405090171,0.301743421312755,0.939226102277506,0.111623074110577,0.6282497870502379,0.299242077494205,0.8674858021294128,0.283483359757587,0.9367056952088021,0.551592340325556,0.892547769033373,0.14435113235554,0.429471082285782,0.19314501015729102,0.6636722016779929,0.0536438590546232,0.672066124313603,0.19729866047885394,0.6735384119385279,0.430191696424538,0.86092210084499,0.504928429001295,0.17432224715040698,0.9324577933011059,0.45418668319394895,0.8839114933651179,0.0852629382305419,0.6529180540204301,0.851273062759523,0.42215259432484703,0.49485146475565,0.5273809145857129,0.46691534620954,0.102322462607087,0.492311926202965,0.41422003007778,0.0977169439264454,0.0227676670755733,0.790707978892582,0.39353324494038894,0.0557116445072494,0.299596254227694,0.192047141973671,0.7141692928208541,0.30058517601393,0.520733474967054,0.6188220648605329,0.45905105247189,0.209353104118502,0.390148608403373,0.791188681725514,0.618478364135766,0.275277184200247,0.43386391610720293,0.368908713463858,0.20232516109829898,0.378066702129428,0.344475799711422,0.139916025278855,0.962732039565374,0.695757711984089,0.282936148182545,0.11842359862091399,0.8567873614673699,0.600956737709167,0.317261102615858,0.625383975620155,0.480540838786579,0.0776132628666105,0.0548368375378853,0.98755055182209,0.00132727763286382,0.43262631584965994,0.42894576430108794,0.550247047248835,0.6118627840686489,0.161619286966814,0.5295349858491599,0.670985697438181,0.12251072778377817,0.12251072778377817,0.12251072778377817
7,0.02,True,1,5000,0.23355906351448302,0.53289706088319,0.27206279914561604,0.19948384283466297,0.929356445623559,0.234852756689535,0.589861319360755,0.806712733682698,0.364819156582416,0.5283332804542921,0.617014901019938,0.714390652517567,0.9240245960388159,0.975276639636213,0.331168583591951,0.11359203927648598,0.939267525630175,0.298024319097903,0.657648615895208,0.987835760657202,0.5157346378736889,0.894795585221705,0.22124656536829698,0.7232551805875191,0.459618595056195,0.47474183749059995,0.543548686628396,0.48640470370211997,0.6715763250368171,0.529091489722714,0.900680226764673,0.967120120061273,0.8460812627731569,0.590585325584991,0.7908819498476469,0.143050517427832,0.287011198358755,0.8609451613493101,0.5781616282805021,0.920945311200745,0.7523395006705029,0.215967908355474,0.9827032757799609,0.295142299097572,0.583021014126911,0.319554732101931,0.8107811867381122,0.181396106921901,0.448318644699809,0.37794436509567,0.362279397302111,0.130112974013946,0.0123710020592484,0.465219704939541,0.24554920388058,0.546438204614947,0.8566510624881999,0.6640083458625721,0.3790222945267329,0.5826157445431229,0.7085173989924609,0.462254405807117,0.824577209100167,0.538827880874345,0.809117524269457,0.28093454558936404,0.896559385344945,0.223591227527209,0.290762890353331,0.6760425072388171,0.509127662384009,0.132529946472497,0.258710293792413,0.884642182261015,0.0458655972636035,0.716837183309058,0.845530788196557,0.7259403177927719,0.643359253413286,0.534143422057461,0.9229720781726609,0.322217573235685,0.496919785924336,0.564044117166986,0.242635037820464,0.9200431439480742,0.6989720409926079,0.259741741870577,0.6754529517744571,0.0241032014329544,0.877240012582131,0.7591601357464971,0.0164590958799935,0.24699481901166503,0.25787407996476003,0.9549581678062821,0.618298802733122,0.518596468201537,0.00127835042358472,0.5077907567878579,0.1970850399660797,0.1970850399660797,0.1970850399660797
8,0.02,True,1,10000,0.026045171369972,0.5408169206970189,0.183820425486271,0.0383031561993068,0.3764020387329171,0.9501848795658101,0.161363429518333,0.849723011558015,0.872753072235348,0.197885559908494,0.9363097948444599,0.7637415259499009,0.368880622748311,0.8721460319612429,0.0270608089719743,0.25217471016119,0.634642624758681,0.483237927107565,0.680216717560652,0.988016104563803,0.219803307077583,0.156196129153932,0.9128721823468859,0.43900809424116904,0.7261098376086139,0.9508847808552809,0.361517042569632,0.774152781465616,0.9985847501145899,0.4273423258016521,0.8611493596730241,0.680363418687936,0.6822529545942341,0.0996764247803859,0.7383816014843191,0.106759885484214,0.837884535361933,0.7384045464850829,0.41390387878475005,0.4650290370775,0.5701623196243659,0.0702280563822566,0.785424418959965,0.477237420401357,0.989270482158712,0.485469246386085,0.7158312352160029,0.601591320798235,0.294078836512135,0.8970247469052871,0.9490192315624781,0.0127426210596956,0.0220126338630542,0.611447908411987,0.20108426828487103,0.8789875491071729,0.969302548365984,0.90418775071201,0.980797668932498,0.867033669189356,0.8752590658868941,0.9803794892364441,0.592647785588041,0.7794859753494849,0.140090337424892,0.19022355960185502,0.8540000658403991,0.763675910207011,0.7436790315746379,0.534798060273455,0.9488155424938192,0.347495333292166,0.264501126241031,0.5487618915244389,0.0400457068068268,0.953569613025895,0.8971998737946999,0.0893146773907056,0.862946838497672,0.538630385392014,0.7112910593002308,0.763154058729325,0.476948114943239,0.704189059112119,0.95847953978765,0.165738189034137,0.46241998193419104,0.899059537895663,0.955939532679211,0.8817824045134459,0.6688572066195201,0.9122303311372649,0.0525384991178843,0.43228725920939,0.323195625916956,0.407981490654059,0.805090638949077,0.815130203753062,0.18068456298118804,0.9486613991892059,0.002588415438620123,0.002588415438620123,0.002588415438620123
9,0.02,False,1,1000,0.020119692351363,0.00149006181062974,0.12295153640234599,0.340834185074202,0.00354157061043985,0.000196308629268078,0.19875390199976298,0.179920621187582,7.58208133496251e-05,0.0034263280713662603,0.00403298872582754,0.0313267485640856,0.0221352238725236,0.823594314580563,0.0282083488300725,0.342186638219667,0.0594371519672905,0.000918074615333927,0.12792778356072,0.0745181296519629,0.302322079994216,0.25926430188010896,0.50693178872827,0.0844343326284257,0.0013682104639943901,0.0416567316530714,0.48130185352459404,0.0663079030209394,0.00649940026915234,0.12881376746214301,0.307134028785468,0.129478929377254,0.0011133681032363,0.0139688668088174,0.6576504282046359,0.0323300859236397,0.7185131607430659,0.0356987626592299,0.8050248397641049,0.213807367618942,0.391407521145005,0.12462676938902,0.32901952551032104,0.729452659383256,0.0750678985829476,0.357347425494995,0.134634103287397,0.0005785392343599599,0.0449767774557013,0.13872955764275302,0.37310981811188104,0.0155958737910319,0.26032882383274697,0.336531097417247,0.00144246426340944,0.273630260054743,0.46238252233082205,0.840327560771745,6.27528215312884e-05,0.162257210666819,0.00844754653642934,0.932449220388589,0.44806266402006895,0.673177772828152,0.0308145626092871,0.0083538282867959,0.0364059456566773,0.0350192561826283,0.43274058206177207,0.00308636670955624,0.0101028255714752,0.0648356979393746,0.0434473256057086,0.00418145722748486,0.0172013733324224,0.0136807962641067,0.694224408048512,0.44137594711219497,0.0109109786521541,0.0008876448598457381,0.11998476980777802,0.039883755152339995,0.0055872369696556,0.00107642690323907,0.15387376277123802,0.19805982672404102,0.36964673162801603,0.17767749047977802,0.385105923898356,0.000594919830533249,0.861573405387797,0.10855047339204199,1.26514358215432e-06,0.297134986559896,0.3472106544556581,0.232434983939297,0.27539588593560604,0.6913936641091589,0.33638034917180104,0.0338813350810461,0.22,0.42,0.48
10,0.02,False,1,5000,0.00787597152086349,0.00150338271624855,5.599845909405379e-07,0.0109572520435432,0.0001541638284132,9.052657181854191e-07,2.4910375209587e-05,2.91115575628695e-05,2.43183043199686e-06,1.5867256936541002e-05,2.2179211793911604e-05,5.97826289011949e-05,0.000312513548383064,0.000129568055402318,1.36784688791638e-06,0.0178271171096925,0.0001760645599894,2.90193033141087e-06,4.6565634891768105e-05,0.0002241360900635,0.00173422126132854,0.00025286930959060496,0.0122071380675754,4.61995091271473e-05,4.54859201816919e-06,0.0024623608363565,6.8705435579756795e-06,9.52289908240902e-06,2.4990483994093802e-05,1.74316848683207e-05,9.8434857395266e-05,0.000204335284892804,3.95015655898885e-05,0.00121106148673915,0.000523788387160944,0.0277326472593467,0.00786865713126518,0.000114254650288998,0.0014230227385577802,0.000108620901123684,0.000622653021626321,0.013765474856213999,0.000275073290562971,0.0104567930738126,0.00156533607196662,1.51362783948032e-06,0.000102677327114227,3.4429165156704195e-07,9.573159987455499e-06,0.00352426328732913,0.004927417271349921,2.4893192352421496e-07,0.171445861336078,0.00247055890311395,0.0149929025986255,0.00119188557162366,0.000566415970400844,0.00048604173429741204,2.18193711722868e-06,0.00100777329661201,3.15000448697617e-05,0.0023108755269027103,0.00031872859670021897,9.290699989878259e-06,4.68963430617702e-05,2.52739192124235e-06,0.000257839190898994,9.063912525643749e-07,0.0103493779868391,2.26506435646066e-05,5.08088378843589e-06,0.0227401298364846,1.15633314220112e-06,0.000610359630461299,1.89018093732782e-08,0.000684863597009904,0.0005712064220125839,0.000677673964726867,4.5980528392267105e-05,0.00142538489682157,0.00021032556368373102,0.0049061463624395394,0.0023721690994048,0.0015966379539519699,5.8892901014461e-07,0.000146174384884896,0.000736330990991622,1.01091733734564e-06,4.87094174219445e-05,1.06638852051215e-09,9.171315376758629e-05,6.92782129465576e-05,1.2208075303777302e-09,0.00665326897395105,1.00900293300156e-06,0.000155141333980317,0.0012111280093589699,9.68952009828327e-06,0.6547679461379089,0.00203040795242254,0.89,0.98,0.98
11,0.02,False,1,10000,0.00169556620780307,3.07538740486413e-06,4.71458825596111e-05,0.0012579049695662,9.80723813613145e-10,1.62506843853792e-07,9.127472502738929e-05,3.00669190238967e-08,2.6122172472496e-08,1.1859599451195098e-10,3.8794534447722996e-08,3.39871384686311e-08,7.547578333460009e-10,4.7263167095218495e-08,4.44178019533116e-14,1.0607364806741e-05,1.5762986231842898e-06,3.1561240451107105e-09,2.46627509099236e-08,2.28001083722555e-07,3.69558801436379e-05,9.8793982654051e-05,2.46993436347591e-07,1.49680121211401e-09,1.17377711160294e-08,1.0965338975072e-07,2.00899896157987e-10,1.2957225163086698e-08,1.07305109408028e-07,1.13259503127394e-05,3.63472221712544e-08,2.4515261479900097e-08,5.507305565958621e-09,0.000232674938647514,1.8054080002670602e-08,0.000299406652477602,5.11346037640512e-07,1.1708467091190301e-08,2.53926900104252e-09,4.041041628577951e-06,3.2323797869485e-06,0.000694751540839136,2.28379990031488e-08,8.90757486489299e-06,9.44839990247396e-08,1.6225213611257502e-09,3.28353853264273e-08,5.286562373496e-09,3.0204134524397e-10,3.2105899359754e-08,1.57037160869926e-07,9.07671123800498e-15,0.0019155914776018898,2.27069914793503e-06,0.000120426804165509,1.18792080544858e-07,1.58359508844138e-07,1.25052140399147e-07,6.66402922225494e-08,4.17061011345074e-08,2.1389297952155102e-08,2.0155380398646e-07,1.31751612072182e-06,2.96811313602232e-08,8.90165448771856e-05,3.2567429833772e-11,2.95830827440382e-08,4.6529866137876904e-08,8.17457439972257e-07,3.82678904663069e-09,4.43212514361853e-08,1.5459961617399e-05,1.1373666687495402e-10,5.57277070569233e-06,3.9993180168999e-13,8.59243100801658e-08,6.78735513335291e-08,2.57907209875901e-12,8.04965576142776e-08,1.73940106721121e-06,2.42336355773163e-06,2.77558726696589e-07,4.8711581970485e-06,8.19526854558374e-09,6.32451811433321e-08,4.7205784657299894e-11,1.35555850184813e-09,1.63241102789906e-07,2.58599602925977e-07,4.26186005586755e-08,8.719063686121291e-09,3.45935851955871e-07,4.90788537498315e-13,3.69358004600643e-06,1.49452924472232e-10,6.383333217528839e-10,3.0512779676381803e-07,2.18031343260207e-07,8.42398941160332e-05,1.83462884143246e-07,1.0,1.0,1.0
12,0.04,True,1,1000,0.54375151927368,0.134647874503641,0.950012327445557,0.470221806183847,0.218729806485124,0.0285198474152007,0.7580734419913999,0.697416064945128,0.0230840696799772,0.21019398771245998,0.24224774132153398,0.5895656972362161,0.563848800582809,0.0535361441005978,0.543960244152681,0.380235018988864,0.9118659080731409,0.0794643075916033,0.937453281559799,0.9122952656741221,0.5828414672107509,0.573389634888564,0.301743425924349,0.939129093500603,0.11162307064023899,0.627647504550879,0.297575382119754,0.867485816756427,0.28295509007233,0.9367056610928679,0.550232957054509,0.8925477769069708,0.144108333213544,0.42947107849002597,0.193145013712668,0.663540074894416,0.0534859948870424,0.6720660984001801,0.197298671566457,0.673538397645604,0.429908841376591,0.860649225170366,0.504928451179527,0.174322249136874,0.9324577982344828,0.45418669276332496,0.8839114700907751,0.0852629307304304,0.651939503355944,0.851273044064385,0.42215259010631,0.49440100373568296,0.5273809212646071,0.46597761695771,0.101413350441657,0.492311971384055,0.41422006692589797,0.0977169426491402,0.0227236370370786,0.79027586436509,0.39194090313243,0.0557116398388481,0.298460870608427,0.192047137095393,0.7141693054934041,0.300585206438008,0.520733496802058,0.617697002044468,0.4590510444269221,0.209353098711803,0.3901485958272439,0.7911886817383391,0.61847834299487,0.27527719437007697,0.43386389918202506,0.368908760641478,0.20232515812550797,0.37703883220596296,0.34447576971747995,0.13991601609030602,0.9626782731934,0.6957577634010731,0.282936172072556,0.11842361055358801,0.856682277819117,0.600871177253588,0.317261084444005,0.625048744452859,0.480540822694395,0.0772911049169776,0.0548368395417735,0.9875062257476708,0.00132727737652888,0.432099024227356,0.428945793351657,0.550247054111017,0.611862811215689,0.16161930030801902,0.529534990552156,0.6704210906501129,0.12251064471827626,0.12251064471827626,0.12251064471827626
13,0.04,True,1,5000,0.23355907632373601,0.532897079253973,0.272062786754161,0.19948385885274802,0.929356387725854,0.23485274926299698,0.589861370247418,0.8067127624652042,0.364819125822206,0.528333287764677,0.6170149441180269,0.71439059912539,0.9240245993102599,0.9752766669143391,0.33116855505950105,0.113592049465876,0.939267502680613,0.29802429604519204,0.6576486052355229,0.987835741670292,0.515734694005935,0.894795570733133,0.22124657164569603,0.723255149336042,0.459618582815068,0.474741858624492,0.543548723277026,0.48640468283389704,0.671576321612863,0.529091534764205,0.90068019596377,0.9671201386548871,0.8460812256084039,0.590585340280106,0.7908819213972821,0.14305050883195097,0.287011207798609,0.86094515573898,0.5781616516710071,0.920945325574636,0.7523394949734721,0.21596791739158303,0.982703300875126,0.29514229454616303,0.5830209982834771,0.319554739559067,0.810781214229237,0.18139609696828696,0.448318651151326,0.377944361218875,0.362279401524685,0.13011297538603,0.0123710025192851,0.46521971294162295,0.24554921359376397,0.546438189691165,0.8566511263677071,0.664008357848176,0.3790222829832,0.5826157535317429,0.708517361277542,0.462254394629715,0.824577241993423,0.538827910840161,0.8091175500612969,0.280934549481444,0.8965593743630742,0.22359124142804399,0.290762878995877,0.6760424543759329,0.5091276385990929,0.132529933845163,0.258710296545523,0.884642192132277,0.0458655946502586,0.7168371013428341,0.845530775924769,0.7259403355474109,0.643359205568627,0.5341434377181971,0.9229720348784891,0.322217553385867,0.49691975583581893,0.564044104150737,0.24263503845435702,0.9200431579851759,0.6989720625545349,0.25974174997422306,0.675452979393033,0.0241032018699921,0.877239962622352,0.759160165293729,0.0164590976318128,0.24699483791239002,0.257874050951518,0.954958172321275,0.6182988210494069,0.5185964858475871,0.0012783506318344,0.50779078337141,0.19708496307070872,0.19708496307070872,0.19708496307070872
14,0.04,True,1,10000,0.0260451737756051,0.540816910112738,0.18382043479907104,0.0383031548692861,0.376401988474302,0.950184897529739,0.16136341647196698,0.8497229812523441,0.87275299225495,0.19788556060005802,0.936309828295292,0.763741512071486,0.368880614247274,0.8721460229593871,0.0270608052912929,0.252174713724303,0.634642635040041,0.483237926009539,0.680216741545829,0.988016052306692,0.219803330828285,0.156196125103546,0.9128722204507091,0.43900809580413497,0.726109788523792,0.9508847126305721,0.36151705322760097,0.77415278021865,0.998584735586098,0.427342297606752,0.8611493467694059,0.680363394040436,0.6822529435767322,0.0996764248163425,0.738381591298268,0.10675987330651199,0.8378845283171651,0.738404563614101,0.41390382753267496,0.4650290502266621,0.570162329242837,0.0702280654101434,0.7854244113583749,0.477237443477932,0.989270500958789,0.485469252284699,0.7158312705076858,0.601591318574799,0.29407883934211404,0.8970247587878409,0.9490192365565481,0.0127426216661274,0.0220126319911845,0.611447912534552,0.20108427700605702,0.8789875791334849,0.969302519914442,0.9041877716054351,0.980797690490205,0.867033666655736,0.8752590547025741,0.9803795152091349,0.5926478129887889,0.7794860180977391,0.14009034446515,0.19022356039413998,0.8540000676299979,0.7636759277850049,0.743679021662698,0.534798026452749,0.9488155554114549,0.347495306138139,0.26450113245901896,0.548761867766407,0.0400457011710461,0.953569516847993,0.8971998481442471,0.0893146719657529,0.86294679162328,0.538630402041383,0.7112910640364641,0.763154044533495,0.47694809301540003,0.7041890539364479,0.9584795732770991,0.165738194463659,0.46241995873095704,0.8990594992170359,0.9559394922000342,0.881782389237588,0.6688572155758671,0.9122303010409929,0.0525385083213137,0.43228730999701,0.323195584477092,0.407981510241307,0.8050906238723191,0.8151302080236079,0.18068457437198798,0.9486614031797079,0.00258841086460156,0.00258841086460156,0.00258841086460156
15,0.04,False,1,1000,5.39999591932488e-05,1.37532415499231e-06,0.0017427367450222,0.008995510575709641,4.2860113094703595e-06,1.40693349689436e-07,0.004107434061821,0.00224610665701609,1.6323866171253702e-08,4.43393811942635e-06,5.2189641309217595e-06,0.000165680614768643,6.404576941422591e-05,0.14056439274253602,0.000156062743911792,0.00565088499917128,0.000283241977900048,1.06412866020248e-06,0.0017746368584881397,0.000579016678792854,0.00961813514278205,0.00504657874525769,0.0187517265602242,0.000788783371626162,1.44494174061248e-06,0.000336014417501846,0.0146271586071644,0.00044407988358626904,1.3754763148456e-05,0.00181672091995472,0.00831256000600508,0.00155884183568619,4.61793419373585e-07,3.6866793506362e-05,0.0291684081616919,0.000128476493820569,0.228642117617585,0.00016205682376864598,0.0747212433878107,0.0035984499103285,0.012948179564716,0.0012744589103606,0.00904733320432745,0.0405740385861269,0.0005207609220053071,0.00954878065496655,0.00171714384638321,2.3269437594025897e-07,0.000372143301077474,0.00163458332230917,0.0097822408191948,3.66960255180717e-05,0.00409182600698471,0.00854105742109096,2.31532855611202e-06,0.00393746448777113,0.0227688446240966,0.0412800304945306,1.1119621048496299e-08,0.00236588421516162,1.07306183806374e-05,0.0820365771967513,0.010903926466507,0.0323201912986545,7.86683815820779e-05,2.24013058725888e-05,0.00041051028490328797,0.000206253100428556,0.0212700910166284,3.02143967591842e-06,1.84909912769405e-05,0.000641195116303757,0.000409110138640993,3.86443971384969e-06,6.62310777273654e-05,5.90604638488322e-05,0.0408103621816672,0.0154535430455848,3.31266125904015e-05,2.39072041682856e-07,0.00172403236582279,0.000200057449604253,7.977272627089191e-06,6.43532475636578e-07,0.00255611813754529,0.00207439007172385,0.005506851987906679,0.00154024084282937,0.0146264796241569,3.8826397376698396e-07,0.118296944577496,0.00130906608360004,9.03655921004515e-11,0.00428467832480511,0.00799242668549307,0.0027753612392415303,0.007293965268372359,0.0290439145681368,0.0106557616204784,0.000149381176835875,0.8,0.95,0.97
16,0.04,False,1,5000,8.912335849237021e-11,3.48503654666752e-12,6.001829725811279e-19,2.22261866414178e-10,8.51621350901738e-14,7.20123122137212e-18,3.55062102322116e-15,5.922286081377981e-16,2.03436308093678e-17,1.45853616129055e-15,1.7177875682586599e-15,2.22637454404798e-14,3.19712465602636e-13,1.87622777202849e-14,4.92531675128346e-18,2.99621591858634e-10,4.4460412775738295e-14,1.12059381145106e-16,1.6055072602555402e-14,2.06795840202285e-13,5.89066419778494e-12,1.1440268671529e-13,5.12466104086228e-10,8.24910281000252e-15,4.37296943316998e-17,1.45283450022653e-11,5.98295266372046e-17,4.2335922807179393e-16,1.5383809932790301e-15,2.09063279535953e-15,1.94108979414626e-14,1.79557672439979e-13,1.15563174412404e-15,2.64901366919967e-12,7.14874317157077e-13,4.9582908149549e-09,2.0440133439472102e-10,5.5632482003918196e-14,4.923132862525821e-12,2.7285296395783098e-14,9.433351991140558e-13,8.043408300086709e-10,3.31146675382505e-13,7.71063267707775e-10,7.35002288911517e-12,7.46284896507262e-18,6.01813362794492e-14,1.04192887965107e-18,6.6666892812286e-16,2.16129440477313e-11,7.49076762896952e-11,1.46892855686695e-18,1.75960068394313e-07,1.3989797637478e-11,1.89900728046845e-09,1.5579040921828799e-12,1.7162303316970199e-12,1.45533082539601e-13,9.71512793862597e-18,1.23724621749407e-12,2.2176075801234396e-15,9.470464049588788e-12,1.4940669809945998e-13,1.8942442188963899e-16,3.34401350769515e-15,9.69744613279193e-17,1.27587821503595e-13,8.48620340193606e-18,7.26709567633604e-10,9.48841679287924e-16,3.14743069540046e-17,1.52035450221806e-09,1.17523813721209e-17,3.0085166443971497e-12,2.7926787412900094e-20,1.00815739194734e-12,1.626288815636e-12,1.01536730239257e-12,1.74020577384475e-14,3.09960058534951e-12,2.95606266017588e-13,4.15388029616206e-11,1.67119426667047e-11,6.36531897998416e-12,1.4975459878048999e-18,7.98362935860499e-14,1.1343858144125902e-12,6.44671996326999e-18,1.52216167667789e-14,3.7785628111279994e-23,2.15677636184393e-14,2.4679923353635502e-14,2.1203209170758298e-22,5.36638914296948e-11,7.1450569161007e-18,2.85472748632108e-14,3.7167484564881905e-12,2.71707662829705e-16,4.01152519940859e-05,9.502755149958779e-12,1.0,1.0,1.0
17,0.04,False,1,10000,2.40446232804715e-17,3.6314205196777395e-23,3.76468551223202e-21,1.96869653160367e-17,1.20384960613974e-29,2.78035758137916e-25,3.64560706624459e-20,1.71711910680712e-27,8.36001978070073e-28,5.9573351239129595e-31,1.42135279864031e-27,9.855624793568479e-27,5.28141330267705e-30,7.62795723340749e-27,9.9882038881505e-38,3.5746580173688e-23,1.05745132848733e-23,1.01428751179745e-28,9.61675989529763e-27,7.0427985948978e-25,3.8499664607257796e-21,4.61839549209833e-20,2.54044974160723e-25,1.74454115800469e-29,2.9965076784260895e-28,6.41126971043694e-26,5.10681335698167e-32,2.19607494401482e-28,3.02263968718814e-26,1.3622227526617198e-21,2.89408317508421e-27,8.83281596085823e-27,3.1734568703548303e-29,2.68480293197495e-19,1.2791602977580098e-27,1.1965029995534e-18,1.6295390746452998e-24,2.52783575068414e-28,1.6976488170614499e-28,3.4540556426688896e-23,6.53895161164817e-23,1.04791760499341e-17,1.40497349830133e-27,1.06409569177508e-21,1.74605162804191e-26,8.38676917328253e-30,1.5074877142380598e-26,1.0296131226281801e-28,1.0880288381968398e-30,1.2708880409186698e-27,7.99274371760233e-26,1.5320128025370198e-38,2.4335437195144004e-17,3.14925135178409e-23,3.9345400814867203e-19,8.64120734913454e-27,2.0268385454216603e-25,1.5379312829758598e-26,3.79973598635461e-27,5.08138244492812e-27,3.5049307809023397e-28,4.31078995054705e-25,2.5238849010492897e-24,4.31283030426432e-27,1.5846387964662398e-20,8.75226569259254e-33,1.68312534804788e-27,2.90526689084806e-26,3.0864960310478595e-24,8.81799225652847e-29,2.06852233321858e-27,1.2887371680384598e-21,9.28570973748884e-32,4.5955796294604e-22,1.7859708511732e-35,7.3972242566212e-27,2.08770984705965e-26,1.42515668339846e-34,6.40639342842165e-26,3.4496885332141694e-24,1.45211210302959e-22,5.28934694164916e-26,9.164904591929659e-23,1.0609443161396998e-28,7.60409056883989e-27,8.20685218871257e-32,7.455636040106559e-30,4.32465046518084e-26,5.32701247261941e-25,4.60453817951766e-27,2.31729773150407e-28,9.791628254827589e-25,9.5328086351309e-36,1.36432880983025e-23,4.73465440377174e-32,1.2987374789531199e-30,1.38159462178619e-25,4.0924383714586595e-26,4.4962319602763896e-20,1.31368262473247e-25,1.0,1.0,1.0
18,0.06,True,1,1000,0.543751499691256,0.13464788556076598,0.9500123089823229,0.4702218200383321,0.21872981409839998,0.0285198449252668,0.7580734654107609,0.6974160434660961,0.0230840690061553,0.210193989798485,0.24224774707842398,0.5895657206522911,0.5638488282448271,0.0535361393714592,0.543960274369273,0.38023503448288704,0.911865957712116,0.07946431152295401,0.937453247282991,0.9122953046686328,0.582841449030835,0.573389679597446,0.30174346103239,0.9391291597961651,0.11162306983716401,0.62764751873664,0.297575382937177,0.8674858185505899,0.282955106652448,0.936705689600578,0.5502329353206539,0.892547793484723,0.144108332829589,0.429471097270371,0.19314501331863299,0.663540063346956,0.05348599422445,0.6720660695466921,0.19729869875219896,0.673538404155577,0.429908827497875,0.86064919387037,0.504928449887291,0.174322250530729,0.932457818795576,0.45418670507555603,0.88391146022899,0.0852629222310778,0.651939531992192,0.851273036404966,0.4221526040994771,0.494401000689244,0.52738093277055,0.465977638987706,0.101413349842506,0.4923119912976521,0.41422004188693107,0.0977169409195031,0.0227236361394016,0.790275872628068,0.391940944366617,0.0557116411663865,0.298460859410418,0.19204714606998702,0.7141693098407801,0.300585214151199,0.520733498139015,0.617696995841618,0.459051024933206,0.20935309703836702,0.390148573803813,0.7911887009356859,0.618478371473237,0.27527719689419605,0.433863901572909,0.36890870723779,0.20232516513311102,0.3770388367443329,0.344475791937166,0.139916014700834,0.9626782597180329,0.695757730135207,0.282936140129213,0.118423596346452,0.8566822886162769,0.600871167860079,0.317261079417434,0.625048744498594,0.48054082345679605,0.0772911122763257,0.0548368393831488,0.987506244114168,0.00132727780198844,0.43209899771219795,0.42894577252554206,0.550247082915561,0.611862820105696,0.161619282231985,0.529534997423913,0.670421079469733,0.122510682551969,0.122510682551969,0.122510682551969
19,0.06,True,1,5000,0.233559078168388,0.532897040876077,0.27206278819899,0.1994838442347,0.929356398643754,0.234852751049977,0.589861325975158,0.8067127618321751,0.36481914412428995,0.528333293100174,0.617014945558103,0.7143906310462379,0.9240245750528729,0.9752766883940941,0.33116856522063004,0.11359205287871199,0.939267509003592,0.298024298658993,0.6576486163723161,0.987835728540134,0.515734658663203,0.894795599695568,0.22124658661579397,0.7232551819289971,0.459618600727163,0.47474184620452203,0.543548700092404,0.4864047019092271,0.6715763413638829,0.529091493637435,0.9006802129709591,0.9671201533847621,0.8460812148285141,0.5905853168506601,0.79088194175987,0.143050508296432,0.28701119902686895,0.8609451595094889,0.578161680896158,0.920945334749555,0.7523395155443829,0.215967897890534,0.9827033225719141,0.295142290480349,0.5830209994915351,0.319554703128929,0.8107812247203728,0.181396086501869,0.448318681214781,0.377944385586496,0.36227942085582204,0.130112980832679,0.0123710029696871,0.465219724291052,0.245549208299878,0.54643823374892,0.8566510841136371,0.664008338518072,0.37902226496748403,0.582615753544998,0.7085174207834859,0.462254370569466,0.824577228472551,0.538827895392179,0.8091175282674441,0.280934549024519,0.896559386597292,0.22359125241979,0.290762870858161,0.676042480310864,0.5091276249883979,0.132529939445276,0.258710304329608,0.884642191559251,0.045865595667845004,0.7168371752978779,0.8455307678360799,0.7259403397920121,0.6433592591383299,0.5341434279062971,0.922972064675543,0.322217570461513,0.49691979935073705,0.5640441295766829,0.24263504126674498,0.9200431205736509,0.698972061851378,0.259741747789945,0.675452979100419,0.0241032025817335,0.877240026794771,0.759160164451527,0.0164590993536524,0.246994830543358,0.257874068373718,0.954958194716405,0.618298823928116,0.518596493749518,0.00127835066142552,0.5077907827317221,0.1970851290205285,0.1970851290205285,0.1970851290205285
20,0.06,True,1,10000,0.0260451714004776,0.540816897255197,0.18382041957837197,0.0383031553692898,0.37640200412196206,0.9501848697504699,0.161363424532906,0.849722989435871,0.8727530735800229,0.197885554790832,0.9363098513056709,0.763741511028615,0.368880638933375,0.87214601606455,0.0270608064757524,0.252174717442849,0.6346426347542989,0.4832378922734071,0.680216726663821,0.988016079609287,0.21980331997136102,0.156196130424415,0.912872229763961,0.43900809037804206,0.726109835202065,0.9508847825569621,0.361517047645529,0.774152782641612,0.9985847236921609,0.427342305924057,0.8611493531875061,0.6803634253995471,0.6822529542078011,0.0996764180155604,0.7383815799127181,0.106759878626978,0.837884501834593,0.73840456433734,0.41390383832795097,0.46502903974924603,0.570162332739079,0.0702280577183547,0.7854243429778449,0.47723742946202,0.9892704893351071,0.48546921857728703,0.71583126900225,0.6015912983530479,0.29407883847227895,0.8970247335030591,0.949019255122669,0.012742622443392,0.0220126335184444,0.611447900757929,0.20108428349544197,0.8789875815794241,0.9693025522988841,0.9041877694154559,0.980797711897017,0.8670336529189359,0.8752591346502081,0.980379542727341,0.5926477867247011,0.7794859876009859,0.140090339139108,0.19022356353233,0.8540000585773431,0.7636759385592019,0.7436790223602929,0.534798036648156,0.948815517967865,0.34749532423521007,0.26450114635429395,0.548761879930927,0.0400457014880209,0.9535695747366479,0.897199881712092,0.0893146698191622,0.862946863306848,0.538630374070832,0.711291060225515,0.76315404943605,0.47694811611519894,0.7041890595121371,0.958479546391073,0.16573818989037,0.46241997486790004,0.89905953447081,0.9559395110419159,0.8817824034878349,0.6688572238551761,0.9122303032463319,0.0525385063298916,0.43228728590599397,0.32319562990491996,0.40798149501108105,0.805090645655845,0.815130172839337,0.18068458300032703,0.9486614254836759,0.002588413702627717,0.002588413702627717,0.002588413702627717
21,0.06,False,1,1000,9.95175835367734e-09,8.82665538579723e-11,2.520920087257e-06,2.0178671681069602e-05,3.9897881864272004e-10,1.28010010010502e-11,9.17589352403306e-06,2.12195539303749e-06,2.7110008657344303e-13,4.79717993602747e-10,4.34790001426469e-10,8.521941857535799e-08,1.3157662273668898e-08,0.00156647703545364,9.150003056315381e-08,5.21062261406702e-06,8.074123800598769e-08,1.35638981437097e-10,2.47075967516735e-06,3.39913069890413e-07,3.5520506995427505e-05,7.63325727914625e-06,5.8720015768071304e-05,6.00423268737875e-07,1.4462362489623002e-10,3.04411677015631e-07,3.22337588935876e-05,2.2983914571566501e-07,2.37511525115902e-09,2.58637265409527e-06,2.20856338785821e-05,1.70844833455124e-06,9.80128675078474e-12,7.94565589886794e-09,9.65943010133125e-05,3.66298524617246e-08,0.005784594415764971,6.028939954388349e-08,0.0009462473401775019,5.05779917906546e-06,4.1440301460631e-05,9.19461706820264e-07,2.3760990980917998e-05,0.000187276421135057,2.6875399500342996e-07,2.1550212180067602e-05,1.9939060024426e-06,6.828515884731269e-12,3.42432677084332e-07,1.58317788756082e-06,2.07957389539657e-05,5.38756410872906e-09,4.38450968294871e-06,1.7826942546189398e-05,4.5511066490283803e-10,3.18748625206355e-06,0.00014339649505683,0.00011870381163001799,1.16942366114519e-13,2.8512347319790403e-06,8.11115135627011e-10,0.000390195865514347,1.64482039371042e-05,0.000124892828866227,1.1616516257703701e-08,6.17182669049459e-09,7.150146948969909e-07,1.21472592850912e-07,0.000140448326218391,2.1148525432376e-10,2.39325840864667e-09,7.137004666949629e-07,5.26500783594247e-07,2.24828642232116e-10,2.5270129615863503e-08,2.9740721414497798e-08,0.00023983891175390298,4.88898959387096e-05,9.67382435990977e-09,3.16800440550087e-12,2.48038109228866e-06,8.39222096054015e-08,8.843427028408021e-10,2.7546075864978395e-11,4.156220619847171e-06,1.2429293186489901e-06,3.84333142811661e-06,6.77065088685217e-07,6.42294197614114e-05,1.79722372797393e-11,0.00103879422165321,1.62226814864219e-06,6.007290568410139e-16,3.1315934547005297e-06,1.4527051557449697e-05,1.8094704544241e-06,2.1163207755360198e-05,8.035763314519929e-05,3.60739529030878e-05,4.7333302677660307e-08,1.0,1.0,1.0
22,0.06,False,1,5000,1.00701938624976e-24,1.06255888676451e-26,4.25130319960281e-37,5.719767080608539e-24,1.2375136545278702e-28,1.35445585121734e-34,1.64171904466979e-30,6.401036849998071e-33,2.5150496507741298e-34,4.02273954014101e-31,2.81034886045096e-31,3.4492004585297496e-29,8.58621086321679e-28,2.647815087875e-30,1.94678226881911e-35,2.37463518852917e-24,1.4821372759989498e-29,1.89762106670621e-32,2.54651339506796e-29,6.236025112178039e-28,3.8010891012682e-26,8.38083475448715e-29,4.95498460531567e-23,4.0922268460165294e-30,4.51294558480958e-34,1.6924981852485e-25,3.6549192586732493e-34,4.606581378278809e-32,1.6610783918082798e-31,9.373653505469928e-31,5.1422411515809696e-30,5.39672515758717e-28,1.7810745413849397e-32,8.58493329038097e-27,2.2813503917986197e-27,3.3079029748479496e-21,1.3167836889726099e-23,8.626635569161718e-29,3.86971394366311e-26,1.34260082723335e-29,2.9715581464033496e-27,1.32671079142653e-22,1.32906843242145e-27,2.89896069522078e-22,9.171739290727719e-26,3.98106701107602e-35,1.4117686387386297e-28,6.59901463961092e-36,1.4925700520603398e-31,1.8735136099194799e-25,2.89909643663252e-24,3.27521563843634e-35,1.5685268313342599e-19,1.62296474827174e-25,1.44048455629125e-21,1.8191944747154e-27,2.2973349446492696e-26,2.3402128457048e-29,3.8566910044566703e-35,1.7021283088891998e-27,2.31700015420135e-31,5.4478592159707e-26,1.01509173282569e-28,4.659821491461169e-33,2.63021385621549e-31,1.79510847867256e-32,1.1194283044238099e-28,2.0945001653518996e-34,2.7010338248028497e-22,4.7339912564036906e-32,1.3009167739604e-34,1.6268330219888499e-22,3.7469962776236796e-34,1.00758109230009e-25,1.8519004232006895e-37,2.8799737452458494e-27,1.9659822754852498e-26,2.8616237438597395e-27,3.16709052969318e-29,9.49825741183395e-27,2.0742205245299198e-27,4.5785962009206595e-25,3.14411402918146e-25,5.41007324596952e-26,5.08874802405383e-36,1.33620012275002e-28,3.33671108101606e-27,8.111849190473729e-35,1.85531432451938e-29,1.6804575611519298e-42,1.03960251443333e-29,3.2644359932396995e-29,1.1520111634398701e-40,3.877404928167679e-25,1.1863036382076998e-34,4.9118320304534895e-30,2.5694529776486598e-26,1.0985878504808798e-32,1.0240662957224501e-14,9.30417709514121e-26,1.0,1.0,1.0
23,0.06,False,1,10000,5.71336350754515e-43,1.60996572344438e-51,3.2300547348423995e-49,9.21006068400108e-43,9.894255948703838e-61,4.304065879244609e-54,3.6552854961335496e-47,1.7270788610965798e-58,3.792871868007889e-59,3.5341670898727495e-62,5.014713885372019e-59,2.2335243933136594e-56,1.7572828011874598e-61,4.21202844330797e-57,7.602820611505908e-73,3.4088426874508297e-53,3.6542518801832e-52,1.9837027343290896e-59,4.96137954803774e-56,3.0254561773424097e-53,9.508648679576628e-49,6.20437342806192e-47,1.1047623333136297e-54,1.0940037230616897e-60,1.5354741341355597e-59,1.9156417665159297e-55,9.065996300611498e-66,4.89540068320569e-60,2.2569514741024397e-56,1.5594871435619198e-48,4.34529771902794e-58,3.5501268666940396e-56,1.5952360801618498e-61,6.718084153563089e-46,3.2431612696462295e-58,2.9577080911622e-44,3.2070358621644994e-53,9.642258486759428e-60,1.5745750864114498e-58,5.983865295002638e-52,7.436616338927708e-51,1.1696899966470399e-42,1.8749732427415e-58,1.4582660555416797e-48,7.08106812451804e-57,8.56526360587771e-62,7.084740623475739e-56,6.073820396558949e-60,1.9907591668582196e-62,6.76507199322076e-59,1.6495144931643694e-55,1.2277576061525499e-73,3.38083786840861e-43,2.9062681700267994e-51,2.30128350702419e-44,3.948618650273179e-58,1.9077972032119397e-54,1.9617816524756194e-57,1.9971792714731495e-58,1.8464209710883796e-57,4.6965060856683483e-60,8.568078865929828e-54,7.503009699357259e-54,2.5733933713354694e-57,2.9558666754527795e-48,6.27036070794799e-66,1.9450350992702095e-58,1.9004480707553396e-55,5.694741967463109e-53,8.403473322582508e-60,1.08447645583514e-58,5.13550430280941e-49,3.0555599450132695e-64,5.157861854532949e-49,6.263014039565099e-69,7.413247234908079e-58,2.75439194638508e-56,2.8534958202025393e-68,4.678939165811059e-55,8.059441744193079e-54,1.98004417713392e-49,7.640022410474507e-57,6.421557217120559e-51,1.9782951157775297e-60,1.99454906025153e-57,1.47078141146754e-63,1.1659572865461798e-61,2.0830335819284996e-56,8.622531848742049e-54,1.3349002049282196e-57,1.6488746931910197e-59,2.4386511802467197e-53,7.739825132231469e-70,4.853402635142079e-53,1.80847417317137e-65,5.04374226267807e-63,9.958546363524028e-56,7.121502110752249e-57,9.21951374983497e-47,3.94318084335222e-55,1.0,1.0,1.0
24,0.08,True,1,1000,0.5437515153064121,0.134647903532291,0.950012257109374,0.470221799026186,0.21872983072088603,0.0285198448825995,0.758073509711258,0.697416074029466,0.0230840685916155,0.21019399625990398,0.24224772293842103,0.589565736266364,0.5638487967158371,0.0535361371506176,0.54396026384893,0.380235025500841,0.9118658825079431,0.0794643143528309,0.937453225890857,0.9122952868154849,0.582841473738104,0.573389693231254,0.301743414052347,0.939129103512605,0.11162307482144698,0.627647474489896,0.29757536176676097,0.8674858362166071,0.282955090958595,0.936705695854641,0.5502329380266661,0.892547784595087,0.144108330997934,0.42947105257013296,0.19314501121205396,0.6635400806672621,0.0534859929433935,0.67206609834153,0.197298661194293,0.6735383675346801,0.429908849243891,0.8606492087506551,0.50492845421249,0.174322246940392,0.9324577751627059,0.454186692378544,0.8839115021205601,0.0852629319096716,0.651939528438619,0.851273014483722,0.42215258665809796,0.49440099830964296,0.527380922191296,0.465977628810409,0.101413351875431,0.49231194130194605,0.414220043980243,0.0977169506055064,0.0227236360513409,0.790275865312981,0.391940900475969,0.0557116410317482,0.29846087482765304,0.19204715849714202,0.7141693332746379,0.300585198769448,0.5207334911724539,0.61769702025954,0.4590510417715561,0.209353083716187,0.39014861019275204,0.791188680950383,0.61847835319823,0.27527719132440104,0.433863902350891,0.36890870434681294,0.20232516616097604,0.377038837554605,0.34447576459016194,0.13991602249562501,0.962678255222094,0.6957577763537671,0.282936170395131,0.11842359670210302,0.8566822470956349,0.600871193442353,0.317261096832052,0.625048752435519,0.480540847027945,0.0772911143555825,0.0548368424967452,0.9875062313483051,0.00132727787840396,0.432099047331565,0.42894576676326,0.550247037057471,0.611862804398713,0.161619292825561,0.529534980587065,0.6704211265748841,0.12251046972421253,0.12251046972421253,0.12251046972421253
25,0.08,True,1,5000,0.23355906215774302,0.5328970350379051,0.27206281110596,0.199483839857559,0.929356438329588,0.23485273264124398,0.5898613593487291,0.806712767576192,0.3648191374304221,0.528333318872077,0.617014938872803,0.714390626020772,0.9240245833850709,0.975276713511125,0.331168553629252,0.11359204431164502,0.9392675251569441,0.29802430021787496,0.657648644705625,0.9878357761273671,0.515734678321656,0.8947956121329941,0.22124656845869697,0.723255123627505,0.45961860058453097,0.47474182819005295,0.543548742848479,0.486404720103578,0.6715763160603249,0.529091500861752,0.90068018074192,0.967120108308099,0.846081208677282,0.5905853214768371,0.790881983187586,0.14305050828250698,0.28701116998756104,0.860945129719325,0.578161644960156,0.92094535333411,0.752339506115321,0.21596791035482998,0.9827033416097841,0.295142283029169,0.5830210258881421,0.31955471082471504,0.810781169160019,0.181396089348481,0.44831869314533895,0.37794436530083597,0.36227938301042295,0.130112976633612,0.0123710033480638,0.46521973184281795,0.245549199928717,0.546438201108532,0.8566510607284291,0.664008410971041,0.37902226118514004,0.582615742934103,0.7085174130206608,0.4622543925962771,0.82457723289124,0.5388278759479429,0.809117538195088,0.28093456308976394,0.896559397392742,0.22359124525164198,0.290762880239056,0.6760424786184279,0.509127651582578,0.13252994676095098,0.258710305257685,0.884642211211121,0.04586559626984299,0.7168371954871391,0.845530762689388,0.7259403511388008,0.643359249620977,0.534143426672493,0.9229720832452459,0.322217550743645,0.49691978140765897,0.56404410706432,0.242635027351757,0.9200431363205249,0.69897207320455,0.25974174663018,0.675452973478353,0.0241031995203435,0.877239934082014,0.7591601884822009,0.0164590995578353,0.246994830920738,0.25787404472341696,0.954958148968201,0.6182988272346,0.518596488632485,0.00127835059470767,0.507790746514283,0.19708502295198235,0.19708502295198235,0.19708502295198235
26,0.08,True,1,10000,0.0260451705241629,0.540816907675133,0.183820399093019,0.0383031543284899,0.3764020078037801,0.9501848306277908,0.161363418613806,0.849722989026174,0.87275303974575,0.19788556956153897,0.936309817057605,0.7637415151231891,0.36888063003729404,0.872145992169825,0.0270608030191231,0.252174698020728,0.634642648031041,0.48323790967286495,0.6802167646347339,0.9880160617334109,0.219803319607753,0.15619613546405803,0.912872199922185,0.439008078567157,0.7261098255841991,0.9508847597939319,0.36151706421973706,0.774152804972876,0.9985847409617821,0.427342316619063,0.861149318444172,0.6803634008130279,0.6822529166733969,0.0996764128670497,0.738381556480643,0.106759881874099,0.837884483785385,0.7384045471557529,0.413903841945868,0.465029026515233,0.57016231172009,0.0702280603075566,0.7854243448749321,0.47723743276138,0.9892705147694941,0.485469204333988,0.715831230568495,0.601591279848487,0.29407886584030896,0.8970247530457479,0.9490192237001851,0.012742622162783998,0.0220126347832159,0.6114479114818621,0.20108427942006,0.878987577959495,0.9693025611778959,0.9041878369295071,0.9807977377456271,0.8670336586874351,0.8752590904252661,0.980379494440169,0.5926477743901479,0.779485956104169,0.14009033034913,0.190223562667783,0.854000030555957,0.7636759472614699,0.743679018484976,0.534798065763163,0.948815550725294,0.34749533949462197,0.264501133369956,0.548761900530122,0.0400457006824924,0.9535695813145959,0.8971999122223849,0.0893146682666403,0.8629468307545541,0.5386303869560539,0.7112910428803051,0.763154042936381,0.476948126275329,0.7041890611509201,0.958479524618089,0.165738185801315,0.462419968918753,0.8990595232361971,0.955939520425345,0.8817823749733001,0.668857178151894,0.912230311389996,0.052538513098845996,0.43228729114565706,0.323195596427093,0.40798152313415104,0.8050906527478409,0.8151301958685758,0.18068457813286398,0.9486613781884159,0.00258840646151082,0.00258840646151082,0.00258840646151082
27,0.08,False,1,1000,1.4065564675963298e-13,5.79222119687506e-16,4.15304713944057e-10,4.13239852062866e-09,3.2272568404878605e-15,1.6371480957647197e-16,2.2837398457553e-09,1.65949223476453e-10,3.9588634077259793e-19,4.99453492098423e-15,3.38749181087543e-15,4.59224895146442e-12,2.0966087671082896e-13,1.44454795512333e-06,6.20887009262816e-12,2.84100967842474e-10,1.7887952332466103e-12,2.09344034213381e-15,3.5646419406027997e-10,1.8122821923672302e-11,1.7004870291446902e-08,9.90431219660685e-10,1.54231062541874e-08,4.4218458326734796e-11,1.4984964836846303e-15,3.25390651575482e-11,5.17245480274876e-09,9.529787418320671e-12,4.30007040905491e-14,3.8150418167549697e-10,5.721564100933461e-09,1.81852011633753e-10,1.37535642431422e-17,1.53539155022923e-13,2.31151498501869e-08,8.863185046787759e-13,1.75700098023231e-05,2.03108814354507e-12,1.4980120935774402e-06,6.01775568463238e-10,1.36793456559995e-08,5.81727652880515e-11,6.058772041481701e-09,6.65644802064413e-08,1.09557514977884e-11,4.03331423933837e-09,2.2109168834498901e-10,1.67507379949618e-17,3.6556820333765904e-11,1.30675412011512e-10,3.5975194206813e-09,6.60250583835659e-14,3.42028516901119e-10,3.4575084236204603e-09,1.2449011648412799e-14,1.44714824006439e-10,1.1460518011606e-07,1.95887712188117e-08,9.79909578497938e-20,3.35131181574106e-10,4.19721238201811e-15,9.987172757098349e-08,1.58480219282908e-09,3.79184835981434e-08,1.1364670400391098e-13,1.92250244888939e-13,2.05415346255664e-10,7.82216528526741e-12,1.22702412055702e-07,1.18185780877087e-15,2.43215627755917e-14,9.76974575362186e-11,1.0133099965313101e-10,9.85857563267086e-16,1.01659428888649e-12,1.96501577397579e-12,1.38659414538134e-07,1.35503259462753e-08,2.9064279266250605e-13,2.53214522531698e-18,4.22694347007259e-10,3.21488992899812e-12,8.70475826294875e-15,9.73351763436098e-17,7.357805382445599e-10,4.7803120522424796e-11,1.38597521352612e-10,1.71260039220432e-11,3.229900315948e-08,8.599275330538059e-17,6.73923224639602e-07,2.2510820222953501e-10,4.301561304064359e-22,1.28264931965149e-10,2.22272076216975e-09,6.543941537993221e-11,6.9136819735511285e-09,1.44194345383085e-08,1.29257174101824e-08,1.4058981061881299e-12,1.0,1.0,1.0
28,0.08,False,1,5000,2.1113574720460601e-44,7.810310392542129e-47,4.634106659081399e-61,3.5287256676341398e-43,8.431813543352819e-49,1.2387119014437698e-56,4.6767017793051493e-51,8.37564362363222e-56,1.0474798167154199e-56,6.3498000025931686e-52,1.9793550751852398e-52,4.24460269685895e-49,1.0877035296155299e-47,7.871524219891008e-52,2.0894351911513496e-58,1.6370927737757198e-44,1.4223460194008e-50,2.7782377499886195e-53,3.538495529707429e-49,1.1497300276006998e-47,9.667089435186278e-46,2.07758568857595e-49,1.8484622085588898e-41,1.1709759882772597e-50,1.1211078254968796e-56,6.9009341778653e-45,3.4281315166273096e-57,2.5846360988552397e-53,7.150924715090119e-53,3.12442559306876e-51,3.2089099392615496e-51,1.03854630247864e-47,2.9542491619346496e-55,7.31220102513864e-47,3.2946584437350304e-47,1.3100278418805298e-38,3.66370015088326e-42,8.10434935850028e-49,1.3494195708893198e-45,2.7263412840963396e-50,3.5640284184508597e-47,1.02095906348838e-40,3.10825235974947e-47,8.68909345698591e-40,5.58479372279081e-45,4.638422126414079e-58,2.4224699879962703e-48,1.9605523346671595e-58,2.0150230363140398e-52,4.1913558437771796e-45,5.190333446645189e-43,5.303121311625469e-57,1.7733889920200303e-37,7.423110516098921e-45,1.0483249534859199e-38,3.4628232723412994e-48,2.3759031474380295e-45,4.11494219048802e-51,2.9394799035089494e-58,5.386301663458299e-48,7.3669260786962195e-53,7.689883140192868e-46,2.24202933340515e-49,2.9472333750453094e-55,4.710494669860329e-53,3.1877030485147693e-53,3.6862565009799504e-49,2.6455028480208995e-56,9.07818792083814e-40,5.816757287929979e-54,7.993890310395888e-58,4.703690458253919e-41,9.20757730438574e-56,4.0454486912695694e-44,1.0911352009063599e-59,3.0948576819991605e-47,1.82884229460493e-45,2.77873443608301e-47,4.9982123224535494e-49,8.22749826248623e-47,1.2870238476581002e-46,1.2018313988924898e-44,2.9847468082037097e-44,1.7849517115109697e-45,5.463722717661558e-59,1.3316478649439399e-48,3.68052592599656e-47,4.4507842536552996e-57,1.61046246436358e-49,2.4226049147772297e-67,2.1227916433797496e-50,3.20198614140066e-49,4.085357958958939e-64,4.96852906464281e-45,1.0698428644234998e-56,1.52644228039703e-51,7.431729643705728e-46,1.2613398047582597e-54,1.1141204320909801e-29,3.59796408010382e-45,1.0,1.0,1.0
29,0.08,False,1,10000,8.443670127067119e-80,1.06263035048006e-90,1.19268572965858e-88,4.320416963216319e-79,2.3019561924530794e-102,2.1386350555291597e-93,3.335796649406409e-85,1.3735447214677298e-100,1.3467754912635799e-101,9.237908819216728e-104,8.155223490432668e-102,1.6863834632409895e-96,1.1773514307081095e-103,3.605188134827999e-98,1.1879064792530497e-118,4.857109026381699e-95,3.06054627659446e-91,9.400711794927708e-101,1.4189113967995497e-95,7.387710727768619e-92,2.581760666860469e-87,9.313413019277688e-85,8.206592478998188e-95,1.8146323282415794e-102,7.626378962750658e-102,1.1909576492181696e-95,5.796478446136598e-111,7.491989385716339e-103,1.9498799974574394e-97,6.1401138293229386e-86,5.01304665818265e-100,5.998193961647909e-96,3.2523661729452793e-105,1.3297318184630797e-83,1.3363513706948697e-99,1.5393967315978197e-80,1.4824571065398697e-92,3.2178666426756798e-102,7.634408100157439e-99,8.618922446781578e-92,1.6679309774677693e-89,3.028055926227709e-78,2.1655031231871396e-100,7.562027395044908e-86,3.034296600912589e-98,7.539866445732348e-105,1.2062647078838796e-95,5.170426778614809e-102,7.890320227019819e-105,2.4368330313025594e-101,7.028485781005128e-96,2.2527686933599493e-119,1.81492819800493e-80,7.497781345482039e-90,8.15753005443373e-80,5.216847154325479e-101,4.91330771182744e-94,1.2010316532983397e-99,4.7098364682901194e-101,9.473183621404457e-99,2.695178766311649e-103,5.6737647017772694e-93,1.5513254318224997e-94,2.5553670482566894e-98,2.19667592890468e-87,5.839072745096279e-110,2.2561616542233793e-100,4.7226654585507083e-95,2.1120603731077996e-92,1.4049123327160397e-101,3.138708360001439e-101,3.846720261597029e-87,2.4832749707955694e-107,2.7245660247048395e-86,7.428971669281138e-113,4.477240123046909e-100,6.487501721974169e-97,1.0345527660401598e-112,1.27808237218311e-94,9.833135848757756e-95,2.0378814677686192e-86,4.06969703523422e-99,6.6555733807588885e-90,2.6533609347145694e-103,5.814647784950088e-99,1.2032254080043598e-105,2.60498118395149e-104,8.586808716446258e-98,4.258037033391709e-93,5.0369787006429195e-99,1.5074550839316396e-101,2.2580757444948092e-92,1.3377874973986896e-114,7.464856602225948e-94,4.670402664274729e-110,1.8042169936441894e-106,5.109590407949849e-97,5.443099265417438e-99,2.604727208681029e-84,2.1905403103188595e-95,1.0,1.0,1.0
30,0.1,True,1,1000,0.5437514854273471,0.134647880881499,0.9500123343131679,0.47022179360911803,0.21872982440692998,0.0285198496285725,0.7580734996366009,0.697416063195404,0.0230840699915618,0.210193982850592,0.24224771105816503,0.589565746607813,0.5638488185720519,0.0535361442872563,0.543960254288104,0.380235005044264,0.911865931898337,0.0794643067713947,0.9374532387750859,0.91229529904195,0.5828414572643891,0.5733896479494109,0.30174342148636496,0.939129102193356,0.11162307752846301,0.6276474987015109,0.297575406448789,0.8674858500668299,0.282955103717768,0.936705637105699,0.550232921919928,0.89254778426201,0.144108346525178,0.429471100043089,0.193145020044082,0.663540098285938,0.0534859931515809,0.672066069717215,0.197298664907629,0.673538360094947,0.42990884500532,0.8606492015981241,0.504928450580807,0.17432223737651198,0.9324578236672031,0.45418669857012706,0.8839114441554891,0.0852629331114908,0.651939478449739,0.8512730257644309,0.422152580424111,0.49440097766942204,0.5273809143796709,0.46597764816301795,0.101413346401755,0.4923119450678521,0.414220049748995,0.0977169407661774,0.0227236356626341,0.790275848577848,0.391940945852613,0.055711650553535,0.29846087336002003,0.19204715526738897,0.714169298718982,0.30058523431960804,0.5207334987741479,0.6176970322729329,0.459051052555826,0.209353105636992,0.390148577701891,0.791188692954131,0.618478308585374,0.275277183539739,0.43386389609721104,0.368908731410252,0.202325160233395,0.37703883892455103,0.34447574642494605,0.139916013123181,0.962678239269904,0.695757719668686,0.282936157341813,0.118423592120213,0.856682261353496,0.600871175043264,0.31726110241421995,0.6250487185366329,0.48054080553959205,0.0772911161228483,0.0548368447172039,0.9875062637185059,0.0013272776336501401,0.43209902143628603,0.428945781521511,0.5502470566401271,0.6118628064429139,0.16161930215586498,0.529534971814449,0.6704211208211961,0.12251042648714099,0.12251042648714099,0.12251042648714099
31,0.1,True,1,5000,0.233559077666001,0.532897068783204,0.272062774028728,0.19948385467138802,0.929356444818854,0.234852760306762,0.589861334080984,0.8067127307416501,0.364819148637021,0.528333274936063,0.6170149164417529,0.714390662450771,0.9240245963279329,0.9752766666830028,0.331168559321471,0.11359204030700501,0.93926751605976,0.298024296960148,0.6576486121892211,0.9878357417125491,0.515734670734731,0.8947955724827591,0.221246540109797,0.7232551206092629,0.45961856478129903,0.474741836110235,0.543548689889562,0.48640473119445293,0.671576290505736,0.5290915227848879,0.9006801981788969,0.9671201443350791,0.846081242640407,0.590585311215366,0.790881924964277,0.143050510600424,0.287011206046969,0.8609451663502831,0.5781616373272329,0.9209453718662042,0.752339471583409,0.21596791617318303,0.982703314375869,0.295142269939197,0.583021017565164,0.31955472376652805,0.8107812100493321,0.181396089170247,0.448318654751412,0.37794434678980393,0.36227939743432297,0.130112970506605,0.0123710027575397,0.465219739306091,0.245549220685375,0.5464381873707701,0.8566510527411129,0.664008373087549,0.379022307298561,0.582615764035342,0.7085174111326759,0.46225444382443304,0.824577215686569,0.538827843406115,0.809117524643225,0.280934559882646,0.8965593697878341,0.22359123646706303,0.290762881826992,0.6760424864569899,0.509127653781271,0.132529939354178,0.25871026855678303,0.8846422054072199,0.0458655952102744,0.7168371601430941,0.845530785961377,0.7259403329153129,0.6433592161486811,0.534143421154369,0.922972092553953,0.322217569854591,0.496919777726576,0.564044165728795,0.242635032347934,0.920043143991452,0.698972047438666,0.259741783926786,0.675452964482131,0.0241032031087434,0.877239961808907,0.759160202195123,0.0164590967945606,0.24699483133288896,0.25787406957107606,0.954958141747264,0.61829883623326,0.5185964707913719,0.0012783503845317699,0.507790729063548,0.1970849734390328,0.1970849734390328,0.1970849734390328
32,0.1,True,1,10000,0.0260451750479116,0.54081694804569,0.18382043024977102,0.0383031558745758,0.37640202822325497,0.950184897577018,0.161363424218365,0.8497229601654859,0.872753073660064,0.19788556907732896,0.936309812668269,0.763741545751641,0.368880614770927,0.872146015468779,0.027060806756308,0.252174703535465,0.6346426231329749,0.483237898984235,0.6802167263155191,0.9880160653488149,0.21980332045365802,0.156196125267323,0.9128721690905129,0.43900806197134,0.7261097829637689,0.9508847496626199,0.361517037000387,0.774152791064827,0.9985847689034321,0.42734230784063704,0.8611493540307951,0.680363408393421,0.682252925745081,0.0996764157964155,0.738381585308935,0.10675988039133,0.8378845315877171,0.7384045455509258,0.4139038677213471,0.4650290408264,0.570162296405876,0.0702280584040997,0.7854243879168921,0.47723741091703104,0.9892704988417171,0.48546922300672596,0.715831250540601,0.601591284057505,0.294078848623026,0.897024777515878,0.949019239977167,0.0127426211914523,0.0220126340021959,0.6114479127682729,0.20108427167456697,0.8789875528995301,0.9693025555124081,0.9041877641674889,0.9807976496174051,0.8670336492767892,0.8752590915808579,0.9803794499219141,0.5926477957697789,0.779485945061914,0.14009035073473497,0.190223558930143,0.8540000749117951,0.7636759398750441,0.743679032946995,0.5347980471456799,0.9488155140986779,0.34749533496472096,0.264501113032299,0.548761870262104,0.0400457057889736,0.953569604292578,0.897199873902724,0.0893146735972368,0.8629467817679091,0.538630402367626,0.7112910374489829,0.7631541006016921,0.47694812902849,0.704189034256029,0.9584795173193821,0.165738187823219,0.46241997379130795,0.899059470430833,0.9559395474521729,0.881782382981098,0.668857208104754,0.9122302834495741,0.0525385024446289,0.432287281199322,0.32319561134534197,0.407981516925906,0.805090649579283,0.8151302397206509,0.18068456578103897,0.94866135685654,0.0025884137690495696,0.0025884137690495696,0.0025884137690495696
33,0.1,False,1,1000,1.8899270889599697e-19,4.503082002351699e-22,8.972597648554328e-15,8.8761642732181e-14,2.7829351586512297e-21,3.57324212297116e-22,7.188286270823591e-14,1.3211149346249301e-15,6.39476132159713e-26,6.223573285036999e-21,2.8890575013121597e-21,3.05754696039566e-17,3.12068522502361e-19,1.20322088457482e-10,5.83312904385484e-17,1.14030682881219e-15,3.76083519588483e-18,4.68209114735936e-21,6.112820587486521e-15,1.0175593604864701e-16,1.20977411086226e-12,1.26149376455704e-14,3.90813669670902e-13,3.52477894322984e-16,1.9233297616817497e-21,4.655956846598321e-16,7.12385343132003e-14,3.6649747575972905e-17,9.534565924728289e-20,6.6226518208160996e-15,1.61959907504721e-13,2.23595360195371e-15,1.6017361188392298e-24,3.20908759250467e-19,4.64183365169341e-13,2.1788488387518993e-18,6.60882099940027e-09,7.54065767581704e-18,3.1496411724215995e-10,6.970720599120949e-15,5.344642103960949e-13,3.74713782798558e-16,1.72314736441474e-13,2.0236849143440398e-12,4.14913448818938e-17,7.05690677746203e-14,2.7334820303852103e-15,4.4257245199407595e-24,5.12521161630344e-16,1.0697038732421999e-15,5.877740894026e-14,8.03271775536405e-20,2.38283151021413e-15,7.28783943400905e-14,5.73381117612244e-20,4.3224550532749806e-16,1.29587249506128e-11,2.2687210731322102e-13,7.950168593155859e-27,4.38719837888764e-15,1.8781862787619e-21,1.55210922077281e-12,1.18987092240107e-14,1.05679695072188e-12,9.49369231864805e-20,8.108410023030209e-19,1.1039318257776399e-14,6.56594249874136e-17,1.5608501395562e-11,6.552425577420179e-22,2.3636088007206e-20,1.94177223572199e-15,3.44828611958645e-15,4.2228888729282796e-22,5.0351240663059894e-18,2.0397553045810998e-17,9.07545744382009e-12,3.66900005219245e-13,1.05000194367337e-18,1.67242102638463e-25,9.67925704769642e-15,1.3631375230916701e-17,9.58026929378777e-21,3.60716257004249e-23,1.58250965313393e-14,1.4665250188388703e-16,3.3939153272119393e-16,3.08137296896692e-17,2.07777509238527e-12,4.87167825003686e-23,3.59872169814588e-11,4.1895710889444794e-15,4.21454883711885e-29,3.5285860766622796e-16,3.4871346257819703e-14,1.56493796539253e-16,2.9189565137564196e-13,2.0101095551484802e-13,5.49939135131011e-13,4.60168557613021e-18,1.0,1.0,1.0
34,0.1,False,1,5000,2.36873088768213e-69,3.8088678088175597e-72,2.6288637412362e-90,1.51560138740838e-67,6.711615345668459e-74,1.5431745445262298e-83,2.1233648636223096e-76,4.448305571408619e-84,4.634009754051699e-84,1.4921575873885197e-77,1.71061752917623e-78,1.07776149917218e-73,1.6468980464551998e-72,1.5445274677317695e-78,2.1081437245470095e-86,2.934812084789829e-70,1.2176782500048898e-76,9.303525618810278e-79,1.1226991779055697e-73,3.415017339231109e-72,2.90375787622809e-70,5.207567630988239e-75,6.697238671957459e-65,5.47175522917594e-76,2.1100144059151294e-84,2.5840158075318995e-69,1.5582306574358996e-85,2.1539314068372693e-79,3.8916550313487094e-79,2.0861970572904998e-76,1.2049416785925798e-77,3.3296857583409395e-72,1.5923077512411798e-83,4.307360317075599e-72,5.917201636965699e-72,7.419871503740908e-61,1.1385821265529797e-65,1.2153576131683498e-73,5.839114657940649e-70,6.671586494916548e-76,4.275945931840279e-72,9.081297724244037e-64,1.0437139385567699e-71,4.7340658454871585e-62,4.38523640122715e-69,3.3865496984426e-86,7.618444801510649e-73,8.294674797908069e-86,4.2140549168064593e-78,6.542336300391719e-70,1.1488097373673898e-66,1.6487866089584896e-83,6.747348895634579e-61,3.76855801648253e-69,1.71734134537362e-60,2.9596460557335596e-74,4.64307526497109e-69,2.4474669729003596e-78,1.3448430202441598e-86,1.1979152652914598e-73,2.07559745251053e-79,7.000189952690789e-71,5.179280598201459e-75,1.4494260937085695e-82,5.69491722824673e-80,1.4370084682938397e-78,1.3677483596046897e-74,4.635637755983349e-83,6.852273342138069e-62,5.159076146589639e-81,2.3501551954297194e-86,9.755860465841467e-65,5.656882211093529e-82,4.741790456882269e-67,1.4923992447568797e-86,3.4865277425833095e-72,3.33080115370246e-69,2.4661166348771996e-72,1.6825785218614698e-73,5.909535001938489e-72,1.7236665815568097e-70,2.1236213185346896e-69,3.91803143380818e-68,6.13647100217589e-70,6.015642545378109e-87,2.12658898328898e-73,4.317443441272819e-72,3.2169635935580795e-84,2.495428442478299e-74,3.9530450476276885e-97,5.306176664519079e-76,6.365088847018039e-74,2.6244931316528593e-92,3.4812769990071593e-70,1.6152579652508497e-83,2.4309674299577397e-78,2.4010457461307097e-70,1.1490147946157797e-81,1.0609922195380899e-49,1.53013591401003e-69,1.0,1.0,1.0
35,0.1,False,1,10000,6.1777185027864485e-127,7.908141741064197e-140,1.5517145497322595e-138,1.4257629604803598e-125,1.1184560569637998e-153,2.2034592627646296e-142,1.9991867917176096e-133,7.431509378154189e-153,3.869821474193218e-154,6.817438273373038e-155,5.663264996353459e-155,3.193159496172229e-146,1.2007990540632196e-155,3.970020627558809e-149,3.9779477758544986e-174,1.1290426714483596e-147,5.358371488717297e-140,7.779642716119899e-152,1.6648992703739592e-144,7.440548077934178e-140,6.887869041339139e-136,1.1993647193608497e-132,7.680356659428498e-145,6.857908036124188e-154,3.304005736609219e-154,1.1506632192009798e-145,1.3166329590342095e-166,7.817073673391447e-156,1.6032354069849594e-148,5.604737502374928e-133,3.4588978671456088e-152,2.8397862251948596e-145,2.3699224316464996e-159,1.5685249839147195e-131,7.390333349852648e-151,1.1213886167288897e-126,1.1152942664076597e-141,8.630519861341676e-155,1.2676128021037595e-148,8.19859564619512e-142,4.891962095378909e-138,1.1389536736792798e-123,1.6377807279581894e-152,9.068837611969568e-133,1.2277966601541396e-149,4.690212570131059e-158,4.723369133980139e-145,5.5003755398962775e-154,5.1565558552410785e-157,5.556003824678388e-154,5.6538014942502185e-146,8.101067909977438e-175,2.9629301957627395e-128,4.192584735462809e-138,1.1138943860295496e-124,1.8321527709127595e-154,2.3303983023166396e-143,3.184103503318079e-152,4.697012912649569e-154,6.039253695144458e-150,6.685804090719869e-157,8.226665982726587e-142,1.9436758784168797e-145,3.167962205360519e-149,5.148098151695049e-137,6.202252206317687e-164,2.394552985737629e-152,2.9039271988609295e-144,1.2012278911296899e-141,3.1456339181488686e-153,4.7094744048760876e-154,4.038590956987389e-135,5.2282817375379494e-160,4.3147301590320486e-133,2.2477136664180495e-166,1.6228921272539095e-152,2.0798683717363593e-147,5.9906799014377374e-167,9.620475812839408e-144,5.438898408347488e-146,9.490931895032518e-133,7.787154209939248e-152,7.699983422970038e-139,2.4235399500265594e-156,1.7843768980197095e-150,3.385943572685969e-157,7.617731079868748e-157,2.684230707992159e-149,4.4784084489715785e-142,2.218222168854119e-150,1.5683358083571095e-153,5.94567558420711e-141,4.386224610201039e-169,4.5110148541181994e-145,8.376969987138378e-165,5.313585484088029e-160,1.6022447849303194e-148,1.7247080670945796e-151,7.203812520416549e-132,1.8304974044987693e-145,1.0,1.0,1.0
